id,tier,status,price,dom,acres,lat,lng,address,city,county,secondaryType,use,zoning,broker,brokerContact,brokerPhone,lastSaleDate,lastSalePrice,pin,join,score,owner,ownerPhone,parcelMin,parcelMax
22196677,0.25-1,active,1399999.0,31.0,0.26,40.3221612,-74.014048,2 & 4 Foggia Wy,Oceanport,Monmouth,Residential,Commercial,Commercial,Coldwell Banker Residential Brokerage,Glenn Bartlett,2016377477,,,,,,Manvan LLC,,,
8206987,0.25-1,active,1800000.0,92.0,0.2525,40.928237,-74.1773067,108-114 N 7th St,Paterson,Passaic,Commercial,MultiFamily,,Shalam Real Estate Agency,Moshe Shalam,9086664266,,,,,,108 North Seventh Street,,08-00414-0000-00001,08-00414-0000-00001
21866957,0.25-1,active,1950000.0,128.0,0.452502,40.9290475,-74.1686306,156-158 North 1st Street,Paterson,Passaic,Residential,"Apartment Units, MultiFamily, Retail",1,"The Kislak Company, Inc.",Davis Briones,7327503000,,,,,,,,,
21890791,0.25-1,active,3900000.0,120.0,0.730991,40.854455,-74.039989,220-230 U.S. 46,Little Ferry,Bergen,Commercial,MultiFamily,BH,KW Commercial Fort Lee,Bruce Elia,2019175884,,,,,,Big A 46 Westbound Llc,,,
19871059,0.25-1,active,499000.0,758.0,0.34,40.4714853,-74.4501323,B183 L44 Georges Road,North Brunswick,Middlesex,Commercial,,C-1,Davis Commercial,James Duffy,7322541600,,,,,,S & R Properties Llc,8566277109,,
22045624,0.25-1,active,,70.0,0.71,40.7535072,-74.1377164,415 Bergen Ave,Kearny,Hudson,Industrial,"Industrial, Parking Lot",1,Century 21 Semiao & Associates,"Maggie Abdo-Manno, CCIM",2018929933,,,,,,BERGEN AVE DEVELOPMENT LLC,,07-00205-0000-00026-02-HM,07-00205-0000-00026-02-HM
22296322,0.25-1,active,,9.0,0.4,40.7282398,-74.0673072,837-845 Bergen Ave,Jersey City,Hudson,Commercial,MultiFamily,C-1,CBRE,Fahri Ozturk,2017125802,,,,,,RJM REALTY LLC,,06-13302-0000-00020,06-13302-0000-00020
10538120,0.25-1,active,,241.0,6.0,39.6997098,-75.0012311,1010 N Black Horse Pike,Williamstown,Gloucester,Commercial,Retail,RG-C,Wolf Commercial Real Estate L.L.C.,Jason Wolf,8568576300,,,0811_1101_11.03,geo,76,Philip J. Bowers Co.,7327417200,11-01101-0000-00011-01,11-01101-0000-00011-01
7688990,0.25-1,active,250000.0,1969.0,0.93,39.3916271,-74.5271269,200 W Black Horse Pike,Pleasantville,Atlantic,Commercial,"Commercial, Office, Retail",RC,Arqeo Management,David Lerman,2155454545,,,,,,Lerman Miles,2156705881,19-00059-0000-00028,19-00059-0000-00028
9499077,0.25-1,active,,780.0,0.38,40.8257234,-74.009811,339-365 Broad Ave,Ridgefield,Bergen,Commercial,"Industrial, Mixed Use",E,Commercial Realty by Dennis Shim,Dennis Shim,9176628498,,,,,,James J Jung,2019441002,,
21650357,0.25-1,active,1950000.0,217.0,0.58,40.3369464,-74.0638239,444-450 Broad St,Shrewsbury,Monmouth,Commercial,"Medical, Retail",4A,Richel Commercial Brokerage,Steven Richel,7327200538,,,,,,,,44-00013-0000-00010,44-00013-0000-00011
7975639,0.25-1,active,299000.0,108.0,0.5,39.8394973,-74.997806,1705 Burnt Mill Rd,Voorhees,Camden,Commercial,"Commercial, Retail",GB,Prime Square Realty,Berish Goetz,9173001502,,,,,,Emanuel United Pentecostal Church,,34-00179-0000-00001,34-00179-0000-00002
10004902,0.25-1,active,,168.0,1.05,40.0446396,-74.8998947,45 Charleston Rd,Willingboro,Burlington,Commercial,Commercial,B1,NAI Mertz,Sandro Randazzo,8567244256,2017-08-29,210000.0,,,,Mario J Montecalvo,3059443068,38-00001-0000-00008,38-00001-0000-00008
22270237,0.25-1,active,899000.0,17.0,0.99,40.4820568,-74.4867988,35 Churchill Ave,Somerset,Somerset,Commercial,,B-I,Davis Commercial,James Duffy,7322541600,,,,,,DILL JOSEPH,,08-00101-0000-00025,08-00101-0000-00025
21831091,0.25-1,active,,141.0,1.0,40.0416906,-74.1135084,307 Drum Point Rd,Brick,Ocean,Commercial,Apartment Units,B2,eXp Realty,Jamie Arcykiewicz,9739032721,,,,,,,,07-00323-04-00001,07-00323-04-00001
10133956,0.25-1,active,,122.0,0.32,40.6924126,-74.2024607,49-55 Evergreen Ave,Newark,Essex,Industrial,"Contractor Storage Yard, Mixed Use, Parking Lot",MX-1 Commercial/ Mixed-Us,"Weichert Commercial Brokerage, Inc.",Maria Lima,9732677778,,,,,,Shamrock Real Estate Inv Co,,14-03754-0000-00014,14-03754-0000-00014
7563467,0.25-1,active,125000.0,3090.0,0.92,39.8604887,-75.0047749,146 E Evesham Rd,Cherry Hill,Camden,Commercial,"Office, Retail",B1,Wolf Commercial Real Estate L.L.C.,Jason Wolf,8568576300,,,,,,Hooper Builders,6096856767,09-00562-01-00011,09-00562-01-00011
7124823,0.25-1,active,,261.0,0.98,40.9343098,-74.0517786,269 Forest Ave,Paramus,Bergen,Commercial,"Bank, Commercial, Day Care Center, Fast Food, Neighborhood Center, Office, Restaurant, Retail, Storefront, Storefront Retail/Office, Strip Center",Neighborhood Business,VanRock Commercial Real Estate,Marc Palestina,2017999665,2023-01-31,1100000.0,,,,Robert Obernauer,2018388776,46-03902-0000-00015,46-03902-0000-00015
21973877,0.25-1,active,250000.0,91.0,0.61,40.9161132,-74.2810016,Glendale & Midwood Rd,Lincoln Park,Morris,Commercial,"Bowling Alley, Commercial, Hotel, Movie Theater, Restaurant",B-3,KW Commercial Fort Lee,Bruce Elia,2019175884,,,,,,,,16-23007-0000-00012-0000,16-23007-0000-00012-0000
15811797,0.25-1,active,,168.0,0.33,40.7700032,-74.2204218,65-71 Glenwood Ave,Orange,Essex,Residential,Apartment Units,,Helmsley Spear of Long Island,David Sargoy,5162038134,,,,,,,,17-01702-0000-00022,17-01702-0000-00022
19756022,0.25-1,active,859900.0,10.0,0.4,40.598448,-74.268211,735 E Hazelwood Ave,Rahway,Union,Commercial,"Bank, Commercial, Convenience Store, Day Care Center, Drug Store, Fast Food, Medical, Mixed Use, MultiFamily, Neighborhood Center, Office, Parking Lot, Restaurant, Retail, Self-Storage, Storefrnt Retail/Residntl, Storefront, Storefront Retail/Office, Strip Center, Supermarket",CB,Kalian Real Estate,Casey Gesuelli,9084615091,,,,,,,,,
20396453,0.25-1,active,95000.0,648.0,0.89,40.8049567,-75.005155,42 Henderson St,Oxford,Warren,Residential,,R1,"NAI James E. Hanson, Inc.",Sig Schorr,9732402116,,,,,,Asdal Development,9088794427,17-00015-0000-00003,17-00015-0000-00003
20243491,0.25-1,active,3900000.0,155.0,1.0,40.7707895,-74.0597228,52-66 Henry St,Secaucus,Hudson,Industrial,"Contractor Storage Yard, Distribution, Garden Center, Industrial, Parking Lot, Retail Warehouse, Self-Storage, Truck Terminal, Warehouse",LIB,KenKap Realty Corp.,Kenneth Kaplan,9732877400,,,,,,Hugerich Walter,,09-00050-0000-00004-0000-HM,09-00050-0000-00004-0000-HM
12619276,0.25-1,active,4100000.0,22.0,0.33,40.7691169,-74.2255434,32 Hickory st St,Orange,Essex,Commercial,"Apartment Units - Condo, Hold for Development",RDV,Turinka Management LLC,Nikita Ivanov,9736740001,,,,,,32 HICKORY LLC,,17-03002-0000-00001,17-03002-0000-00001
20965254,0.25-1,active,995000.0,498.0,0.81,40.436877,-74.13822,175 Highway 36 W,Hazlet Township,Monmouth,Commercial,MultiFamily,commercial,"The Kislak Company, Inc.",Matt Weilheimer,9085960700,,,,,,,,,
11537985,0.25-1,active,325000.0,2129.0,0.4,39.95787,-74.19108,411 Hooper Ave,Toms River,Ocean,Commercial,Commercial,VO,Rosetto Realty Group LLC,Ronald Rosetto,7322446700,,,,,,"Lotano Development, Inc.",7329148600,08-00650-0000-00042,08-00650-0000-00042
10117388,0.25-1,active,,25.0,0.269927,40.7920032,-74.2334631,410 Main St,West Orange,Essex,Residential,Apartment Units,commerical,SERHANT NJ LLC,Kevin Oliveira,9738681704,2023-05-01,500000.0,,,,,,22-00113-0000-00262,22-00113-0000-00262
9379851,0.25-1,active,350000.0,39.0,1.0,39.7532343,-75.211171,231 N Main St,Mullica Hill,Gloucester,Commercial,Commercial,C-1,Weichert Realtors,Robyn Baselice,6092547761,,,,,,Westervelt Ed,,08-00041-0000-00001,08-00041-0000-00001
11056062,0.25-1,active,150000.0,44.0,0.326,40.4330317,-74.2975593,44 Maple Ave,Old Bridge,Middlesex,Commercial,,CC,The Blau & Berg Company,John Longo,9088031876,,,,,,Carole Feldman,7325313621,15-04001-0000-00044,15-04001-0000-00044
22252763,0.25-1,active,,25.0,0.53,40.7278,-74.171772,597 McCarter Hwy,Newark,Essex,Commercial,,Redevelopment Plan Area,Matthews Real Estate Investment Services,Brendan Cina,9082551779,,,,,,Mytrowitz John Jr,7323822417,14-00879-0000-00019,14-00879-0000-00019
10516738,0.25-1,active,4179000.0,2240.0,0.6,40.7952,-74.02233,6217 Meadowview Ave,North Bergen,Hudson,Residential,"Apartment Units - Condo, Apartment Units - Senior, Community Center, Day Care Center, Drug Store, Health Care, Hold for Development, Hold for Investment, Hospital, Medical, Mixed Use, MultiFamily, Neighborhood Center, Parking Lot, Public Park","R1, R3, C1",Group Twenty Six,Peter Kalebic,2015628393,,,,,,,,08-00205-0000-00081,08-00205-0000-00081
21657255,0.25-1,active,2800000.0,66.0,5.5,40.164441,-74.4168752,525 Monmouth Rd,Jackson,Ocean,Commercial,"Commercial, Medical, Retail",HC,Colliers,Douglas Twyman,7328070338,,,1333_60.01_20.01,near,15,,,12-02901-0000-00002,12-02901-0000-00028
21533783,0.25-1,active,1600000.0,262.0,0.28,40.7368734,-74.1923251,303 Morris Ave,Newark,Essex,Commercial,"MultiFamily, Storefrnt Retail/Residntl",1,Signature Realty NJ LLC,Daniel Santos,9085383133,,,,,,,,14-00246-0000-00005-0000,14-00246-0000-00010-0000
21913634,0.25-1,active,4000000.0,112.0,0.836693,40.7169483,-74.3257881,597 Morris Ave,Springfield,Union,Residential,Apartment Units - Senior,,Brightstar Realty & Rentals,Brandon Zaleski,9087979773,,,,,,,,17-00505-0000-00001,17-00505-0000-00001
12207467,0.25-1,active,,1936.0,0.7,40.17212,-74.062718,1572 Nj-138,West Belmar,Monmouth,Commercial,Commercial,OP-2,The Blau & Berg Company,Scott Savastano,9733796644,,,,,,Arthur G Doglione,,52-00192-0000-00007,52-00192-0000-00007
8807263,0.25-1,active,4500000.0,764.0,0.56,40.895292,-74.0498941,279-293 Passaic St,Hackensack,Bergen,Commercial,"Apartment Units, Apartment Units - Senior, Bank, Fast Food, Health Care, Hold for Development, Hold for Investment, MultiFamily",R-3B,,,,,,,,,"Dominant Domain, LLC",2018839360,,
21701978,0.25-1,off-market,490000.0,189.0,0.53,40.8886115,-74.2205515,271-273 Paterson Ave,Little Falls,Passaic,Commercial,,LM,The Diamond Agency,Frank Cortes,9734735800,,,,,,,,,
12380848,0.25-1,active,,1752.0,0.51,40.856992,-74.230923,694 Pompton Ave,Cedar Grove,Essex,Commercial,,,The Blau & Berg Company,Dylan Meade,9733796644,,,,,,Climbing High Incorporated,,,
11570895,0.25-1,active,200000.0,2079.0,0.77,40.2333,-74.31968,201 Professional View Dr,Freehold,Monmouth,Commercial,"Medical, Office",P-1,ROCK Asset Management,Ross Reitz,7324498500,,,,,,,,,
21927708,0.25-1,active,499999.0,107.0,0.82,39.5757335,-74.3648659,689 Radio Rd,Little Egg Harbor,Ocean,Commercial,Commercial,GB - General Business,"Net Return, Inc.",Jon Whelan,9174767784,,,,,,,,17-00326-17-00015-01,17-00326-17-00015-01
20855706,0.25-1,active,1350000.0,109.0,0.43,40.086911,-74.048714,1000 Richmond ave,Point Pleasant Beach,Ocean,Commercial,"Car Wash, Mixed Use, Office, Retail, Single Family Residence",HC,Heritage House Sotheby's International Realty,Leanne Lucarelli,7329469200,,,,,,ZARANTONELLO EMMA,,26-00039-0000-00008,26-00039-0000-00008
21502922,0.25-1,off-market,,276.0,0.666001,40.2106651,-74.0238432,45 Ridge Ave,Neptune City,Monmouth,Commercial,"Apartment Units, Single Family Development",R-4,Sitar Company,Brian Murphy,7326232156,,,,,,NORMAN LLC,,,
19285099,0.25-1,active,695000.0,947.0,0.25,40.7859941,-74.1455757,12 River Rd,North Arlington,Bergen,Industrial,,C-1,The Blau & Berg Company,Peter Murano,9733796644,,,,,,,,,
20853260,0.25-1,active,1400000.0,249.0,1.0,40.9255093,-74.7191111,33 Route 206 N,Byram Township,Sussex,Commercial,Restaurant,V-B,RIPCO Real Estate,Matt Grundy,2017772300,,,,,,,,04-00036-0000-00040,04-00036-0000-00040
11520680,0.25-1,active,525000.0,315.0,1.0,39.7634,-75.311167,2061 Route 322,Swedesboro,Gloucester,Commercial,"Bank, Car Wash, Day Care Center, Garden Center, Health Club, Medical, Mixed Use, Office, Restaurant, Retail, Service Station, Storefront Retail/Office, Strip Center, Winery/Vineyard",MUD,Procision Commercial Realty,Robert Beach,8562285151,2021-05-26,80000.0,,,,Nisha Patel,,24-00012-0000-00003-02,24-00012-0000-00003-02
12886399,0.25-1,active,1950000.0,1422.0,0.25,39.9982381,-74.0622803,3587 Route 35,Lavallette,Ocean,Commercial,Restaurant,GB,NIA National Realty,Roger Gross,2018456606,,,,,,Normandy Beach Partners Llc,,08-00918-0000-00008,08-00918-0000-00008
12678381,0.25-1,active,,1579.0,1.0,40.3028186,-74.0171508,63 Route 36,West Long Branch,Monmouth,Commercial,,NC,Resources Real Estate,Joann Davenport,7326876221,,,,,,Anthony Sgro,5616304880,,
21567432,0.25-1,active,5700000.0,8.0,0.6,40.8868771,-74.7248785,71 Route 46,Mount Olive,Morris,Commercial,Retail,,eXp Realty,Matthew Clemente,8662016210,,,1427_4100_80.01,pin,70,,,27-04100-0000-00080-01,27-04100-0000-00080-01
8042692,0.25-1,active,799000.0,625.0,0.67,39.8378298,-74.9233054,160 Route 73,Voorhees,Camden,Commercial,"Office, Retail",MB,Wolf Commercial Real Estate L.L.C.,Michael Scanzano,8564656637,2024-10-11,210001.0,,,,Mashal Mimi market,,34-00229-0000-00007-0000-C-S007,34-00229-0000-00007-0000-C-S007
10255462,0.25-1,active,1650000.0,2335.0,0.71,41.0700166,-74.1372061,1216 Rt 17,Ramsey,Bergen,Commercial,,B-3,Keller Williams Village Square Realty,Nicholas Alutin,2018032463,,,,,,Frederick F Fakharzadeh,2015992123,48-04204-0000-00001,48-04204-0000-00001
12315407,0.25-1,active,550000.0,1642.0,0.94,39.7961941,-74.9237423,201 Rt 73,West Berlin,Camden,Commercial,"Auto Repair, Bank, Commercial, Day Care Center, Fast Food, Funeral Home, Garden Center, Medical, Mixed Use, Office, Restaurant, Retail, Strip Center",C2-V,Berkshire Hathaway Fox & Roach - Devon-Wayne,Chris Benstead,8568105711,2018-09-27,200000.0,,,,201 ROUTE 73 SOUTH LLC,,06-01405-0000-00001,06-01405-0000-00001
12276120,0.25-1,off-market,925000.0,1864.0,0.44,40.9421725,-74.0994087,13-09 Saddle River Rd,Fair Lawn,Bergen,Commercial,Commercial,Commercial,Keller Williams Valley Realty,Gina Palumbo,2013912500,,,,,,,,,
21906133,0.25-1,active,1350000.0,115.0,0.52,40.7516229,-74.1564844,416 Scott Mobus Pl,East Newark,Hudson,Commercial,"Single Family Development, Single Family Residence",2F1,"Real Broker, LLC",Fernando Leyva,2018998174,,,,,,,,,
21603676,0.25-1,active,1000000.0,231.0,0.34,40.7954763,-74.1175669,11-19 Sherman Ave,North Arlington,Bergen,Residential,"Apartment Units - Condo, Master Planned Community",2,Century 21 Semiao & Associates,"Maggie Abdo-Manno, CCIM",2018929933,,,,,,,,39-00165-0000-00004,39-00165-0000-00004
21273821,0.25-1,active,1500000.0,157.0,0.7,41.032431,-74.64109,9 W Shore Trl,Sparta,Sussex,Commercial,"Apartment Units, Bank, Baseball Field, Bowling Alley, Commercial, Contractor Storage Yard, Hold for Development, Hold for Investment, Lodge/Meeting Hall, Mixed Use, Movie Theater, Movie/Radio/TV Studio, Office, Parking Lot, Religious Facility, Restaurant, Retail, Spclty/Festvl/Entertnmnt, Storefrnt Retail/Residntl, Storefront Retail/Office, Theater/Concert Hall",TCC,Commercial Mortgage Capital,Mark Scott,2017877111,,,,,,Mark Scott,2017877111,,
10538092,0.25-1,active,350000.0,3305.0,0.77,39.8519697,-75.005313,110 Somerdale Rd,Voorhees,Camden,Commercial,"Day Care Center, Fast Food, Medical, Office, Retail",B,Wolf Commercial Real Estate L.L.C.,Jason Wolf,8568576300,2026-06-09,385000.0,,,,Cobra Real Estate,,34-00100-0000-00031,34-00100-0000-00031
6892583,0.25-1,active,,275.0,0.8,40.5754332,-74.4138785,125 Spicer Ave,South Plainfield,Middlesex,Industrial,Industrial,M-3 (Heavy Industrial),The Blau & Berg Company,David Thomas,9733796644,,,,,,Eugene Pesaniello,,22-00256-0000-00009,22-00256-0000-00011
11587988,0.25-1,active,899000.0,88.0,0.404,40.9192434,-74.2666014,1028 State Route -23,Wayne,Passaic,Commercial,"Commercial, Medical, Office, Retail",AE,KPLS Holding Company,H. Scott Aalsberg,7322575040,,,,,,,,14-00920-0000-00002,14-00920-0000-00002
7705941,0.25-1,active,2000000.0,16.0,0.26,40.5607504,-74.5418917,0 Talmage Ave,Bound Brook,Somerset,Commercial,"Mixed Use, MultiFamily, Office",R-5,,,,2013-02-27,31727.0,,,,Michael Mueller,5048853030,04-00004-0000-00008-02,04-00004-0000-00008-02
22268240,0.25-1,active,1100000.0,18.0,0.46,40.9188616,-74.1842875,383-391 Totowa Ave,Paterson,Passaic,Commercial,"Apartment Units, Apartment Units - Condo, Commercial, Mixed Use, MultiFamily, Retail, Schools, Storefrnt Retail/Residntl",B-2,KW Commercial,Corrado Belgiovine,2012838990,,,,,,383-391 TOTOWA AVE LLC,,08-00919-0000-00017,08-00919-0000-00017
9065657,0.25-1,active,,226.0,0.44,40.5809822,-74.2836227,1022 US Highway 1,Avenel,Middlesex,Commercial,Retail,R1R,The Blau & Berg Company,Justyna Kuczaj,9733796644,,,,,,,,,
12804510,0.25-1,active,,1484.0,0.84,40.4344055,-74.5144529,2415 US Highway 1,North Brunswick,Middlesex,Commercial,Commercial,PUD,Curran Commercial,Ryan Curran,7323593203,,,1214_72_2,geo,66,Shein Senoff Ltd Partnership,,14-00073-0000-00004,14-00073-0000-00004
20966000,0.25-1,active,495000.0,497.0,0.863981,39.839461,-74.9990036,10 White Horse E rd,Voorhees,Camden,Commercial,"Commercial, Office, Retail Warehouse",B,Vantage Real Estate Services,Leor Hemo,8567971919,,,,,,LAZGOR LLC,,34-00080-0000-00001,34-00080-0000-00009
10928902,0.25-1,active,,2727.0,1.0,39.7157889,-74.9704373,528 Williamstown Rd,Sicklerville,Camden,Commercial,Commercial,CM,"Needleman Management Company, Inc.",Jackie Needleman,8564825959,,,,,,"Needleman Management Company, Inc.",8564825959,36-03003-0000-00012,36-03003-0000-00012
22309246,0.25-1,active,850000.0,4.0,0.42,40.4066591,-74.4380572,8 Winthrop ct,East Brunswick,Middlesex,Commercial,Commercial,R3,Davis Commercial,Brian Walsh,7322541600,,,,,,NORTHBROOK ESTATES LLC,,04-00320-13-00035,04-00320-13-00035
4663282,0.25-1,active,495000.0,644.0,1.0,39.9739683,-74.9095355,,Moorestown,Burlington,Commercial,"Medical, Retail",,Wolf Commercial Real Estate L.L.C.,Corey Hassman,8568576300,2005-06-01,4125000.0,,,,Edb Prop Ptnrs,,22-06800-0000-00006,22-06800-0000-00006
22156958,0.25-1,active,59000.0,44.0,0.57,40.8542728,-74.9812157,1 Ash Ln,Belvidere,Warren,Residential,Single Family Residence,R-4,Realty One Group Next Door,Michael Del Cioppo,9087770599,,,,,,,,2114_33_2,2114_33_2
12860680,0.25-1,active,759000.0,467.0,0.28,39.9572474,-74.9783097,6 E Camden Ave,Moorestown,Burlington,Commercial,Parking Lot,Commercial,,,,,,,,,,,22-01700-0000-00038,22-01700-0000-00038
21941036,0.25-1,active,16500000.0,101.0,0.68,40.1672599,-74.2979239,501 Chandler Rd,Jackson,Ocean,Commercial,,R3,,,,,,,,,A & A TRUCK PARTS INC,,12-00903-0000-00013,12-00903-0000-00013
22085342,0.25-1,active,500000.0,58.0,1.0,40.19077,-74.2574,194 Fort Plains Rd,Wall Township,Monmouth,Commercial,Single Family Residence,SF20,RE/MAX Central,Michael Sclafani,9084155622,,,,,,1120 FARMINGDALE ROAD LLC,,,
22027290,0.25-1,active,2100000.0,77.0,0.76,40.5012299,-74.4371429,35 Harrison Ave,Highland Park,Middlesex,Residential,,RA,Cappell Family,David Cappell,7329911467,2005-12-13,862500.0,,,,,,,
22136751,0.25-1,active,1300000.0,51.0,0.65,40.470396,-74.283307,2060 Highway 35,South Amboy,Middlesex,Commercial,,,PreReal,Robert Nixon,7182007799,,,,,,,,,
22124604,0.25-1,active,3600000.0,55.0,0.37,40.7512312,-74.1694037,310-318 Mayor Kenneth A Gibson Blvd,Newark,Essex,Commercial,"Commercial, Parking Lot",MX-2,"The Bixler Group, LLC",SCOTT BIXLER,2019910032,,,,,,CUNA HECTOR,,,
21737428,0.25-1,active,999000.0,155.0,0.64,39.6826898,-75.4871856,107 Plant St,Carneys Point Township,Salem,Residential,,,,,,,,,,,FS PROPERTIES 149 LLC,,02-00205-0000-00002,02-00205-0000-00002
21737451,0.25-1,active,999000.0,155.0,0.36,39.9142435,-74.6905877,456 Retreat Rd,Vincentown,Burlington,Residential,,APPL,,,,,,,,,FS PROPERTIES 177 LLC,,33-02801-0000-00016,33-02801-0000-00016
22004642,0.25-1,active,1800000.0,83.0,0.344353,40.816177,-74.125055,217 Stuyvesant Ave,Lyndhurst,Bergen,Commercial,,,eXp Realty,Michael Dunn,2016936278,,,,,,,,,
12219575,0.25-1,active,4990000.0,11.0,0.43,40.2838635,-73.9868757,648 2nd Ave,Long Branch,Monmouth,Commercial,"Commercial, MultiFamily",C-3,Haber Realty Group,Steven Haber,6462001609,,,,,,Lb648 Llc,3059371071,27-00093-0000-00001,27-00093-0000-00001
12310227,0.25-1,active,,1828.0,0.33,40.181349,-74.021078,501-505 7th Ave,Belmar,Monmouth,Residential,Single Family Residence,commercial,Berkshire Hathaway Fox & Roach - Devon-Wayne,Brian Church,7324490671,,,,,,,,,
22315867,0.25-1,active,1300000.0,2.0,0.92,40.6160272,-74.4121518,234 9th st,Plainfield,Union,Commercial,"Apartment Units, MultiFamily",R/CA,DiTommaso Real Estate,Chris Puccio,7186678000,,,,,,GOLDEN CIRCLE URBAN RENEWAL LLC,,12-00824-0000-00024,12-00824-0000-00026
12892950,0.25-1,active,3500000.0,77.0,0.69,38.9876415,-74.8100529,341 East Oak Avenue,Wildwood,Cape May,Commercial,"Apartment Units - Condo, Commercial",,Keller Williams Real Estate,Ron Isgate,2158604200,,,,,,,,,
10521332,0.25-1,active,499000.0,1471.0,0.62,40.20731,-74.02624,401 403 Highway 35 - 1402 9th Ave,Neptune,Monmouth,Commercial,,B-1,Stafford Smith Realty,Ray Smith,7327471000,,,,,,,,35-00409-0000-00013,35-00409-0000-00015
21391816,0.25-1,active,2399000.0,316.0,0.275482,39.9422596,-74.0738526,707-715 Boulevard,Seaside Heights,Ocean,Commercial,,,Seaside Realty,Michael Loundy,7329986443,,,,,,,,,
19806136,0.25-1,active,599900.0,793.0,0.93,39.734136,-74.296542,1604-1612 NJ-72,Stafford Township,Ocean,Commercial,,NC,Bonanni Realtors,David Bonanni,6095864300,,,,,,,,,
20874117,0.25-1,off-market,,542.0,0.95,40.7336,-74.16611,9-25 Alling St,Newark,Essex,Residential,Hold for Development,O,"Weichert Commercial Brokerage, Inc.",Clayton Brown,9738988664,,,,,,,,,
10666850,0.25-1,active,,2864.0,0.88,40.158794,-74.420295,1022 Anderson Rd,Jackson,Ocean,Commercial,"Commercial, Retail",,CBRE,Jay Miller,6108348000,,,,,,,,,
7939228,0.25-1,off-market,1850000.0,795.0,0.57,39.3615808,-74.4351123,1807-1829 Arctic Ave,Atlantic City,Atlantic,Commercial,Commercial,CBD,Vantage Real Estate Services,Leor Hemo,8567971919,,,,,,Catrickes Sarantoula,,02-00330-0000-00025,02-00330-0000-00029
10708187,0.25-1,active,,1610.0,0.95,39.3663543,-74.4186386,601 Atlantic Ave,Atlantic City,Atlantic,Commercial,Commercial,,Vantage Real Estate Services,Leor Hemo,8567971919,,,,,,Amelia Associates,6093477727,02-00304-0000-00027-02,02-00304-0000-00027-02
6156244,0.25-1,active,1500000.0,570.0,0.89,39.364488,-74.4317393,1501-1517 Baltic Ave,Atlantic City,Atlantic,Commercial,MultiFamily,RM-2,SRP Management,Steve Rubin,2159381252,,,,,,SRP Management,2159381252,02-00402-0000-00027,02-00402-0000-00027
22092939,0.25-1,active,,53.0,0.55,39.4269992,-75.2310935,10 Bank St,Bridgeton,Cumberland,Commercial,Retail,,Legacy Commercial Property,Daniel Bovenzi,7049619975,,,,,,,,,
21286575,0.25-1,active,,345.0,0.76,40.2629374,-74.2821326,1 Bannard St,Freehold,Monmouth,Commercial,"Commercial, Industrial",C-M,Binswanger,Robert Corr,6102781266,,,,,,,,16-00010-0000-00015,16-00010-0000-00015
21568200,0.25-1,active,,247.0,0.29,39.72404,-74.28732,1193 Beacon Ave,Stafford Township,Ocean,Commercial,,,CBRE,Justin Ridolfo,7325098909,,,,,,,,31-00044-16-00007,31-00044-16-00007
10382077,0.25-1,active,235000.0,3256.0,0.4224,40.2672746,-74.8197995,622 Bear Tavern Rd,Ewing,Mercer,Commercial,"Office, Retail, Storefront Retail/Office",BN,David DePaola & Company,David Depaola,6098834161,,,,,,David DePaola & Company,6098834161,02-00373-0000-00024,02-00373-0000-00024
22249094,0.25-1,active,1600000.0,28.0,0.4,40.927631,-74.180397,111 Belmont Ave,Paterson,Passaic,Commercial,,B-1,Coldwell Banker Realty,Khalil Dalia,2012903780,,,,,,CLINTON AVE HOLDING LLC,,08-00706-0000-00011,08-00706-0000-00011
8004718,0.25-1,active,99950.0,2394.0,0.25,39.8466176,-75.2451367,242 Billingsport Rd,Paulsboro,Gloucester,Commercial,"Apartment Units, Commercial, Single Family Development",C-1,"Warner Real Estate & Auction Co, Inc.",Richard Warner,8567694111,,,,,,Fredric L. Plotnick,2158853733,14-00042-0000-00007,14-00042-0000-00007
10268372,0.25-1,active,299000.0,1694.0,0.7,39.4082801,-74.5647235,6696 Black Horse Pike,Egg Harbor Township,Atlantic,Commercial,Retail,Commercial,Daniel J. Smith Real Estate,Daniel Smith,6098230800,,,,,,Gorilla Vapes of Egg Harbor,6094070200,08-02015-0000-00029,08-02015-0000-00029
19320625,0.25-1,active,495000.0,914.0,1.0,39.4008517,-74.562555,6715 Black Horse Pike,Egg Harbor Township,Atlantic,Commercial,Commercial,,Grace Properties,Meg Worthington,6094872400,,,,,,,,08-02302-0000-00010,08-02302-0000-00010
14393956,0.25-1,active,695000.0,1184.0,0.62,39.8817435,-75.0856983,2 N Black Horse Pike,Mount Ephraim,Camden,Commercial,"Commercial, Retail",C,Metro Commercial Real Estate Inc.,Mark Gerlach,8562223032,,,,,,,,25-00045-0000-00023,25-00045-0000-00023
12388553,0.25-1,active,400000.0,882.0,0.91,39.6945323,-74.9988779,631 N Black Horse Pike,Williamstown,Gloucester,Commercial,"Auto Dealership, Auto Repair, Bank, Bowling Alley, Car Wash, Commercial, Community Center, Convenience Store, Day Care Center, Fast Food, Funeral Home, Police/Fire Station, Post Office, Restaurant, Retail",C,"Palmer Mack Real Estate Services, Inc.",Marybeth Mack,2154855083,,,,,,,,11-01703-0000-00008,11-01703-0000-00008
7682433,0.25-1,active,,1.0,0.619835,39.8560839,-75.0748855,800-812 N Black Horse Pike,Runnemede,Camden,Commercial,Commercial,NEC,TGFT,Abraham Gluz,2122289318,,,,,,First Mortgage Strategies Group Inc,9017669923,30-00035-0000-00007,30-00035-0000-00007
9183372,0.25-1,active,650000.0,1242.0,0.539991,39.866223,-75.078981,1 S Black Horse Pike,Bellmawr,Camden,Commercial,Retail,,Wolf Commercial Real Estate L.L.C.,Jason Wolf,8568576300,,,,,,Patel Kalaben & Jatin,7322830301,04-00137-0000-00001,04-00137-0000-00001
20933104,0.25-1,active,850000.0,520.0,0.78,39.8753874,-75.0840363,267 S Black Horse Pike,Mount Ephraim,Camden,Commercial,Commercial,C,Penzone Realty,Joe Penzone,8562273004,,,,,,Harvinders Williamstown Llc,,,
6572072,0.25-1,active,,301.0,0.97,39.8633245,-75.0776396,317 S Black Horse Pike,Bellmawr,Camden,Commercial,"Bank, Commercial, Convenience Store, Drug Store, Hospitality, Restaurant, Retail",B,TGFT,Abraham Gluz,2122289318,2023-02-01,600000.0,,,,,,04-00137-0000-00014,04-00137-0000-00014
12219609,0.25-1,active,,1921.0,1.0,39.8035278,-75.0312159,1320 Blackwood Clementon Rd,Clementon,Camden,Commercial,Commercial,C,MSC,Scott Weiss,4849198233,,,,,,Bimbo Bakeries USA,8003551260,15-13305-0000-00003,15-13305-0000-00003
13868937,0.25-1,active,2400000.0,263.0,0.8,40.8942347,-74.1651314,16 Bloomfield,Paterson,Passaic,Industrial,Auto Salvage Facility,B-2,eRealty Advisors,Barry Littmann,9736150133,,,,,,,,,
5068113,0.25-1,active,275000.0,813.0,0.9279,39.7856141,-75.1791787,325 Bridgeton Pike,Mantua,Gloucester,Residential,,R-11,"Warner Real Estate & Auction Co, Inc.",Richard Warner,8567694111,2013-08-20,157500.0,,,,John Patitucci,9546042715,10-00113-0000-00001,10-00113-0000-00001
10745182,0.25-1,active,125000.0,57.0,0.264578,39.8459921,-75.146707,674 N Broad St,Woodbury,Gloucester,Commercial,,,"Markeim Chalmers, Inc",Kevin Burns,8563245191,,,,,,,,22-00125-0000-00021,22-00125-0000-00021
8003318,0.25-1,active,410000.0,2394.0,0.5,39.8297563,-75.2410656,14-20 W Broad St,Paulsboro,Gloucester,Commercial,"Apartment Units, Apartment Units - Condo, Apartment Units - Senior, Commercial, MultiFamily, Single Family Development",C-1 New 2024 DSR,"Warner Real Estate & Auction Co, Inc.",Richard Warner,8567694111,,,,,,Fredric L. Plotnick,2158853733,14-00102-0000-00004,14-00102-0000-00012
20838211,0.25-1,active,,604.0,0.43,40.918086,-74.1550319,450-458 Broadway,Paterson,Passaic,Commercial,,B-2,KFIR Capital Inc.,Gedalya Blatter,2122223159,,,,,,442-450 Broadway Llc,,08-04203-0000-00005,08-04203-0000-00005
21927137,0.25-1,active,1650000.0,105.0,0.309917,40.918136,-74.15081,540-548 Broadway,Paterson,Passaic,Commercial,Commercial,,Nicholas Real Estate,Nicholas Tselepis,9733401202,,,,,,"J&D 920 Main St Associates, LLC",9733715338,,
8841066,0.25-1,active,850000.0,70.0,0.606,40.2998376,-74.0230824,1128 Broadway St,West Long Branch,Monmouth,Commercial,"Commercial, Industrial, Office, Retail, Strip Center",NC,Berkshire Hathaway HomeServices NJ Properties,Ghita Elboukili,7323375570,,,,,,"Lini-Sacco, Barbara",,53-00069-0000-00009,53-00069-0000-00009
12274023,0.25-1,active,,1866.0,0.32,40.555066,-74.416146,109 Bushwick St,South Plainfield,Middlesex,Commercial,Self-Storage,OPA1,Bussel Realty,Steve Jaynes,9082553141,,,,,,Tailap Llc,,,
22068430,0.25-1,active,275000.0,64.0,0.65,40.2196506,-74.1704278,0 Cedar St,Howell,Monmouth,Residential,Single Family Residence,R-3A,ARC Real Estate,Sean Mulligan,6097314265,,,,,,NIEMI JOHN,,21-00187-0000-00001,21-00187-0000-00002
15648743,0.25-1,off-market,,1136.0,0.77,40.7462217,-74.18689,360 Central Ave,Newark,Essex,Commercial,,C2,Avison Young,Frank Pagano,5169625402,,,,,,,,,
10296976,0.25-1,active,,2059.0,0.510697,39.947169,-75.0284273,825 Church Rd,Cherry Hill,Camden,Commercial,"Commercial, Retail",,Strategic Funding Alternatives LLC,Emily Schneider,8564376196,2017-05-02,,,,,Strategic Funding Alternatives LLC,8564376196,09-00226-01-00001,09-00226-01-00001
21033441,0.25-1,active,495000.0,442.0,0.347107,39.0854182,-74.8257653,24 Church St,Cape May Court House,Cape May,Commercial,,TR,Coldwell Banker James C Otton Re Inc-stone Harbor,George Delollis,6093682000,,,,,,,,,
9341988,0.25-1,active,,1231.0,0.64,39.8019196,-75.0642597,120 E Church St,Blackwood,Camden,Commercial,"Commercial, Fast Food, Mixed Use, Retail, Single Family Development, Single Family Residence, Storefront",ER-RD,The Flynn Company,Cindy Weiner,2155616565,,,,,,Active Realty Co. Profit Sharing,2159478000,15-11702-0000-00003,15-11702-0000-00003
11422769,0.25-1,active,650000.0,2221.0,0.9,39.6861467,-74.9959625,25 Clayton Rd,Williamstown,Gloucester,Commercial,Commercial,,WRED Realty Group LLC,William Ray,9085816267,,,,,,,,,
11138494,0.25-1,active,,351.0,0.55,40.86608,-74.15794,833 Clifton Ave,Clifton,Passaic,Commercial,"Car Wash, Commercial",B/C,National Property Associates Inc,Drew Morici,9738007877,,,,,,,,,
21022613,0.25-1,active,,451.0,0.91,40.1243181,-74.2904511,28 N Cooks Bridge Rd,Jackson,Ocean,Commercial,Office,NC,One Real Estate,Chaya Klein,7326639898,,,,,,28 Cooks LLC,,12-08601-0000-00041,12-08601-0000-00041
19828504,0.25-1,active,275000.0,784.0,0.64,39.829229,-75.127936,881 Cooper st,Deptford,Gloucester,Commercial,,,Vantage Real Estate Services,Leor Hemo,8567971919,,,,,,,,,
10231171,0.25-1,active,1500000.0,766.0,0.83,39.9312438,-75.0825661,7500 S Crescent Blvd,Pennsauken,Camden,Commercial,"Bank, Bar, Car Wash, Commercial, Convenience Store, Drug Store, Fast Food, Medical, Post Office, Restaurant, Retail, Retail Warehouse, Service Station, Storefront, Storefront Retail/Office, Strip Center, Supermarket",,"Legend Properties, Inc.",Steven DePetris,8562311010,,,,,,,,27-06403-0000-00011,27-06403-0000-00011
13975495,0.25-1,active,575000.0,354.0,1.0,39.66758,-75.09377,871 Delsea,Clayton,Gloucester,Commercial,,HB-1,Grace Properties,Meg Worthington,6094872400,,,,,,,,01-01601-0000-00005,01-01601-0000-00005
6238124,0.25-1,active,1000000.0,163.0,0.94,39.7822706,-75.101475,116 Delsea Dr,Sewell,Gloucester,Commercial,"Auto Repair, Bank, Commercial, Drug Store, Health Care, Medical, Neighborhood Center, Restaurant, Retail, Service Station",HC,MSC,Jesse Dubrow,2155682600,,,,,,"Elvira Properties, Inc.",6103568689,18-00008-0000-00002-03,18-00008-0000-00002-03
13891265,0.25-1,active,785000.0,1263.0,0.51,39.5710639,-75.0552625,369 Delsea Dr,Malaga,Gloucester,Commercial,,Commercial,McCann Commercial,Brendan Ryan,2152195446,2024-06-10,1400000.0,,,,Yilmaz Kangal,6092027672,,
5055842,0.25-1,active,99000.0,175.0,0.74,39.580368,-75.0495327,900 Delsea Dr,Franklinville,Gloucester,Commercial,"Apartment Units, Bank, Car Wash, Commercial, Day Care Center, Medical, Motel, MultiFamily, Office, Post Office, Restaurant, Retail, Service Station, Strip Center",HCRA,eXp Realty,Carlo Drogo,8662016210,,,,,,,,05-01306-0000-00025,05-01306-0000-00025
12866410,0.25-1,active,300000.0,1443.0,0.516506,40.040469,-74.1105093,346 Drum point,Brick,Ocean,Commercial,"Apartment Units, Commercial",B2,One Real Estate,Chaya Klein,7326639898,,,,,,Fine Art Holdings LLC,,07-00645-01-00107,07-00645-01-00107
21821498,0.25-1,active,,144.0,1.0,39.935745,-75.083245,3600 Earl Ave,Pennsauken,Camden,Commercial,"Apartment Units, Auto Dealership, Commercial, Contractor Storage Yard, Mixed Use, MultiFamily, Parking Lot, Single Family Development, Single Family Residence",Commercial,eXp Realty,Carleton Badger,6094215594,,,,,,,,,
9300330,0.25-1,active,950000.0,772.0,0.2676,40.650893,-74.195374,324 Elizabeth Ave,Elizabeth,Union,Commercial,Retail,C 2,Berkshire Hathaway HomeService Fox & Roach,Randy Beth Breitman,7329969391,,,,,,George Likakis,7326853033,,
12207237,0.25-1,active,,1936.0,0.34,40.6260155,-74.2567574,601 W Elizabeth Ave,Linden,Union,Commercial,"Apartment Units, Commercial",,,,,,,,,,Barry Colton,9176971176,09-00321-0000-00005,09-00321-0000-00005
12773996,0.25-1,active,3999999.0,413.0,0.9,40.8963472,-73.9841973,201-215 W Englewood Ave,Englewood,Bergen,Residential,MultiFamily,"R-E, AHO 2/3 , 4A",Keller Williams City Views Realty,Juanita Harris,2016101010,,,,,,Wayne Ruddock,,15-02008-0000-00015,15-02008-0000-00020
6552934,0.25-1,active,165000.0,592.0,0.758,39.8559959,-75.0292509,327 E Evesham Ave,Magnolia,Camden,Commercial,"Commercial, Retail",Residential,RE/MAX One Realty,Stefani Roach,8567228090,,,,,,,,23-00005-05-00012,23-00005-05-00012
12319032,0.25-1,active,175000.0,1818.0,1.0,39.797894,-75.117405,795 Fox Run Rd,Sewell,Gloucester,Commercial,"Commercial, Mixed Use",R,Stephen Scherfel Realty,Stephen Scherfel,8568454744,,,,,,,,,
10365534,0.25-1,active,,403.0,0.93,39.6943212,-75.052692,2229 Fries Mill Rd,Williamstown,Gloucester,Commercial,,Commercial,Forge Commercial Real Estate,Jeff Arnold,6097076001,2018-04-30,,,,,County of Gloucester,8568533237,11-15001-0000-00005-01,11-15001-0000-00005-01
20283441,0.25-1,active,,688.0,0.85,40.2192197,-74.763319,120 E Front St,Trenton,Mercer,Commercial,Parking Lot,C,Segal-LaBate Commercial Real Estate,Anne LaBate,6093947557,,,,,,,,,
20277588,0.25-1,active,595000.0,696.0,1.0,39.645437,-74.34039,1471 N Green St,Little Egg Harbor Twp,Ocean,Industrial,,GBSG,"Zimmel Associates, Inc.",Jordan Zimmel,7326619200,,,,,,,,,
12297625,0.25-1,off-market,695000.0,170.0,0.38,39.9152824,-75.064065,869 Haddon Ave,Collingswood,Camden,Commercial,"Commercial, Office",POD,Keller Williams Main Street Realty,Patric Ciervo,8568582200,,,,,,,,12-00038-0000-00012-02,12-00038-0000-00012-02
21016561,0.25-1,active,700000.0,395.0,0.35,39.9118737,-75.0525607,59 Haddon Avenue,Haddon Township,Camden,Commercial,"Apartment Units, Commercial, Mixed Use, Retail, Single Family Development, Single Family Residence",C,Sandone Realty,John Sandone,8568547222,,,,,,,,16-00021-11-00003,16-00021-11-00006
6322677,0.25-1,active,99900.0,449.0,0.4936,39.886868,-75.0163495,813 Haddonfield-Berlin Rd,Cherry Hill,Camden,Commercial,Office,Office-1,RE/MAX Preferred Commercial Division,Bryant Lafferty,8562915880,,,,,,W. Hargrove Demolition,8562251100,09-00430-03-00001,09-00430-03-00001
21030426,0.25-1,active,1590000.0,444.0,0.51,40.939455,-74.183409,468-470 Haledon Ave ave,Haledon,Passaic,Commercial,,commercial,Nicholas Real Estate,Nicholas Tselepis,9733401202,,,,,,,,,
21016460,0.25-1,active,4000000.0,457.0,0.57,40.76395,-74.218177,62 Halsted St,East Orange,Essex,Commercial,"Apartment Units, Apartment Units - Condo, Car Wash, Commercial, Day Care Center, Health Care, Hotel, Mixed Use, MultiFamily, Self-Storage, Strip Center",commercial,Coldwell Banker Residential Brokerage,Wafa Jabado,2019631400,,,,,,,,,
7996531,0.25-1,active,299999.0,220.0,0.34,40.4363152,-74.1359014,33 Highway 36,Middletown,Monmouth,Commercial,,Highway Commercial,GoldStone Realty,Karlee Smart,7328593286,,,,,,Hazlet Realty Llc,,18-00047-0000-00017,18-00047-0000-00017
22152752,0.25-1,active,,45.0,0.96,39.9755967,-74.1828292,1131 Hooper Ave,Toms River,Ocean,Commercial,Retail,RC,"R.J. Brunelli & Co., LLC.",Peter Nicholson,7327215800,,,,,,SP ACQUISITION ASSOCIATES III LLC,,08-00599-0000-00712,08-00599-0000-00712
13972659,0.25-1,active,,45.0,2.24,39.9749779,-74.1827575,1131 Hooper Ave,Toms River,Ocean,Commercial,"Auto Repair, Bank, Commercial, Fast Food, Medical, Retail",RC,"R.J. Brunelli & Co., LLC.",Peter Nicholson,7327215800,,,1508_601_1,geo,80,,,,
10342770,0.25-1,active,3170000.0,353.0,0.82,41.0711896,-74.6576896,304 Houses Corner Rd,Sparta,Sussex,Industrial,"Commercial, Industrial, Office",ED,,,,2019-04-17,,,,,,,,
6974398,0.25-1,active,1000000.0,329.0,1.0,40.0041221,-74.9825286,1705 Industrial Hwy,Cinnaminson,Burlington,Commercial,Strip Center,BD,"Metro Commercial Real Estate, Inc.",Jonathan Spoerl,2152820157,,,,,,Specialized Indus Assoc Inc,,08-00806-0000-00001,08-00806-0000-00001
20912426,0.25-1,active,2750000.0,65.0,0.52,40.911344,-74.037945,335 Johnson Avenue,River Edge,Bergen,Commercial,"Bank, Car Wash, Commercial, Convenience Store, Day Care Center, Drug Store, Fast Food, Health Care, Lodge/Meeting Hall, Mixed Use, Post Office, Regional Mall, Religious Facility, Restaurant, Retail, Self-Storage, Service Station, Storefrnt Retail/Residntl, Storefront, Storefront Retail/Office, Strip Center, Veterinarian/Kennel",C2,Skyline Real Estate Partners,Jon Cohen,2017070019,,,,,,,,52-01405-0000-00003,52-01405-0000-00003
13861675,0.25-1,active,600000.0,1295.0,0.5,39.9366666,-75.0507508,400 Kaighns Avenue,Cherry Hill,Camden,Commercial,,,"J.C. BAR Properties, Inc.",Greg Jones,6102346491,,,,,,,,,
11622380,0.25-1,active,,2009.0,0.56,40.9432625,-74.0291718,66 Kinderkamack Rd,Oradell,Bergen,Commercial,Commercial,B3,"A.H. Sauer & Associates, LLC",Stephanie Sauer Pasternak,2018431600,,,,,,PISTILLI REALTY/ORADELL LLC,,44-00113-0000-00005,44-00113-0000-00005
19832657,0.25-1,active,,780.0,1.0,39.89301,-75.016817,300 Kresson Rd,Cherry Hill,Camden,Commercial,"Bank, Fast Food, Restaurant, Retail",,"Metro Commercial Real Estate, Inc.",Joseph Dougherty,6102602670,,,,,,BRACE KRESSON PARTNERS LLC,,09-00409-01-00001,09-00409-01-00001
5636816,0.25-1,off-market,199000.0,429.0,0.528,40.907292,-74.6659719,137 Lakeside Blvd,Landing,Morris,Commercial,"Bank, Day Care Center, Restaurant, Retail",B-1,Realty Mark Central,Daniel Garcia-Pedrosa,6097168400,2012-07-30,100000.0,,,,AOR Associates,9737224338,36-10902-0000-00004,36-10902-0000-00004
11041289,0.25-1,active,,414.0,1.0,40.9109646,-74.1123096,26-54 Leliarts Ln,Elmwood Park,Bergen,Commercial,"Industrial, Parking Lot",I-R,,,,,,,,,"La Place, L J & M",2017964850,11-00804-0000-00003,11-00804-0000-00003
12508167,0.25-1,active,7000000.0,127.0,0.344353,40.852739,-73.969552,2045 Lemoine Ave,Fort Lee,Bergen,Commercial,Commercial,c,Porosoff Group - Compass Commercial,Logan Rice,3052098866,,,,,,,,,
5047793,0.25-1,off-market,3000000.0,840.0,0.69,40.8664744,-74.422818,240 Littleton Rd,Parsippany,Morris,Commercial,Retail,O-1,Century 21 Calabrese Realty,Terry Julien,2019451070,2022-10-19,1295000.0,,,,240 LITTLETON ROAD PARSIPPANY LLC,,29-00412-0000-00008,29-00412-0000-00008
11812620,0.25-1,active,350000.0,1995.0,0.48,39.6323159,-74.3093584,170-172 Main St,West Creek,Ocean,Residential,,R-3,Ripco Real Estate,Joe AmecAngelo,7325092856,,,,,,,,09-00002-0000-00014,09-00002-0000-00014
13002844,0.25-1,active,6000000.0,375.0,0.52,40.1814912,-74.0244385,710 Main St,Belmar,Monmouth,Commercial,MultiFamily,CBD1,Sackman Realty,Morgan Sackman,8482175117,2022-06-28,525000.0,,,,"Sackman Enterprises, Inc.",2125955565,07-00075-0000-00005,07-00075-0000-00005
20867293,0.25-1,active,,578.0,1.0,39.9492366,-74.2013515,1 S Main St,Toms River,Ocean,Commercial,,MU,Kassin Sabbagh Realty (KSR),Jack Zalta,3472569281,,,,,,1 RIVER PLACE LLC,,30-00001-0000-00005,30-00001-0000-00005
20830161,0.25-1,active,649900.0,611.0,0.92,39.6863625,-74.2660195,385 S Main St,West Creek,Ocean,Commercial,,LB,Bonanni Realtors,David Bonanni,6095864300,,,,,,,,,
21517047,0.25-1,active,311500.0,270.0,0.5,39.3576086,-74.5419508,Margate Boulevard,Northfield,Atlantic,Commercial,Commercial,C,Foresite Commercial Realty,Samantha Zerafa Roessler,6096461919,,,0108_9801_9,geo,17,,,,
20941800,0.25-1,active,100000.0,514.0,0.47,39.8966802,-75.1275549,104 Market St,Gloucester City,Camden,Commercial,"Commercial, Community Center, Health Club, Marina, Open Space, Public Park, Restaurant, Schools",Riverfront Recreational,Colliers,Paul Rogers,2159287504,,,,,,,,14-00069-0000-00001,14-00069-0000-00001
10066182,0.25-1,active,3500000.0,65.0,0.330098,40.7041372,-74.0873312,115-123 Martin Luther King Jr Dr,Jersey City,Hudson,Commercial,"MultiFamily, Retail",,Align ExP Realty,Francisca Ruiz,2018615504,,,,,,WOODLAWN ESTATES LLC,,06-24903-0000-00019,06-24903-0000-00022
21788176,0.25-1,active,5000000.0,156.0,0.964187,40.8937104,-74.1072536,2 Meyer st,Elmwood Park,Bergen,Residential,Apartment Units,4A,Better Homes and Gardens Real Estate Coccia Realty,Jan Kwapniewski,2019977000,,,,,,,,,
7206870,0.25-1,active,599000.0,1262.0,1.0,40.5825024,-74.6766438,Milltown Rd,Bridgewater,Somerset,Commercial,"Commercial, Office",C-3,"Silbert Realty & Management Co., Inc.",Nick Maciejewski,9086046900,,,,,,,,06-00165-0000-00001,06-00165-0000-00001
22126781,0.25-1,active,475000.0,53.0,0.95,40.5815941,-74.6763136,378-384 Milltown Rd,Bridgewater,Somerset,Commercial,,C3,Lee & Associates Commercial Real Estate Services,Erica Davidson,7322041124,,,,,,RECA 360 MILLTOWN INVESTMENT LLC,,06-00165-0000-00002,06-00165-0000-00002
20905536,0.25-1,active,449000.0,542.0,0.92,40.6230952,-74.4770223,729 Mountain Blvd,Watchung,Somerset,Commercial,,B-B,Deluccia Commercial Group/Berkshire Hathaway Fox &,Timothy Deluccia,7329072901,,,,,,,,,
18998476,0.25-1,active,400000.0,984.0,0.286961,39.3753084,-74.423124,800 N. Massachusetts Avenue,Atlantic City,Atlantic,Commercial,Single Family Residence,R-3,Goldcoast Sotheby's International Realty,Emily Wilkins,6095132029,,,,,,Zp Ac Holdings 1 Llc,,02-00566-0000-00009,02-00566-0000-00009
21671134,0.25-1,active,,200.0,0.270891,40.2250576,-74.1623953,1230 New Jersey 33,Farmingdale,Monmouth,Commercial,"Retail, Single Family Residence",HD-3,Zoltek Commercial Real Estate Services,Matt Ardizzone,9737986130,,,,,,Julius Roehrs Company,7329385111,21-00185-0000-00044-0000-QFARM,21-00185-0000-00044-0000-QFARM
21152263,0.25-1,active,,375.0,0.48,40.7277977,-74.16966,18-26 New York Ave,Newark,Essex,Commercial,"Apartment Units, Commercial, MultiFamily",MX-1,Rivive LLC,Yvonne Ferreira,6097278888,,,,,,Anthony Combs,,14-00916-0000-00049-01,14-00916-0000-00049-07
22281317,0.25-1,active,779900.0,14.0,0.95,40.86029,-74.4940433,2559 NJ-10,Morris Plains,Morris,Commercial,,,eXp Realty,HECTOR ROJAS,8662016210,,,,,,,,,
11173049,0.25-1,active,35000000.0,273.0,25.0,40.2270091,-74.077337,3501 Nj-66,Neptune,Monmouth,Commercial,"Industrial, Retail",C-3,Newmark,Todd Ward,2014605161,,,1335_3601_5,near,49,Ac I Neptune Llc,,35-03903-0000-00012,35-03903-0000-00012
21014195,0.25-1,active,74890.0,438.0,0.37,39.7084803,-75.0114507,1580 North Black Horse Pike,Williamstown,Gloucester,Commercial,,,KW Commercial,Tom Duffy,8562183313,,,,,,,,11-00607-0000-00006,11-00607-0000-00006
20943896,0.25-1,active,300000.0,513.0,0.31,40.207403,-74.714048,1561 Olden ave,Hamilton,Mercer,Commercial,"Bank, Commercial, Drug Store, Fast Food, General Freestanding, Health Care, Medical, Office, Restaurant, Retail, Storefront, Storefront Retail/Office",CC,"Legacy Commercial Realty, LLC",Matt Miller,7323336380,,,,,,,,,
8877608,0.25-1,active,400000.0,597.0,0.252525,40.2403783,-74.7519362,1340 N Olden Ave,Trenton,Mercer,Commercial,"Auto Dealership, Convenience Store, Restaurant, Retail",BB,Commercial Source,Alexander Spivak,3475387424,2022-05-01,,,,,Commercial Source,3475387424,11-24803-0000-00001,11-24803-0000-00001
10346072,0.25-1,active,,682.0,0.9,39.93313,-74.96502,41 Oregon Ave,Mount Laurel,Burlington,Commercial,Commercial,HC,Metro Commercial Real Estate Inc.,Scott Benson,2152820158,,,,,,Sky Group Investments LLC,,24-01305-03-00014-01,24-01305-03-00014-01
20835221,0.25-1,off-market,899000.0,606.0,0.393228,39.3649032,-74.4169293,511-521 Pacific Ave,Atlantic City,Atlantic,Commercial,,,Farley & Ferry Realty,Mary Lou Ferry,6098221836,,,,,,,,,
21922308,0.25-1,active,399999.0,108.0,0.273092,39.3619037,-74.4243575,1129 Pacific Ave,Atlantic City,Atlantic,Commercial,,CBD,Keller Williams Realty Atlantic Shore-brigantine,Hanil Resmerowski,6095074300,,,,,,THE ATLANTIC SAI MOTEL LLC,,02-00139-0000-00026,02-00139-0000-00028
21533212,0.25-1,active,4500000.0,262.0,1.0,40.7166334,-74.0684142,33 Prescott St,Jersey City,Hudson,Commercial,"Apartment Units, Apartment Units - Condo",R-2,Joseph A. Del Forno Inc.,Vito Del Forno,2014327000,,,,,,MT SINAI GOSPEL CHURCH,,06-17003-0000-00025,06-17003-0000-00025
8947292,0.25-1,active,495000.0,988.0,0.61,40.2955172,-74.594355,267-269 Princeton Highstown Rd,West Windsor,Mercer,Commercial,,P-3: Business District,"Fennelly Associates, Inc.",Gerard 'Jerry' Fennelly,6095200061,,,,,,CSI Realty Group,7322243990,13-00020-17-00028,13-00020-17-00028
20235925,0.25-1,active,245000.0,730.0,0.36,40.281809,-74.5569472,245 Princeton Hightstown Rd,East Windsor,Mercer,Commercial,"Medical, Office",RO,Sitar Company,Douglas Sitar,7326232135,,,,,,,,,
20849931,0.25-1,off-market,2695000.0,592.0,0.67563,40.65869,-74.225414,347-357 Rahway Ave,Elizabeth,Union,Commercial,Commercial,,Corcoran Sawyer Smith - Flemington,Anthony De Sapio,9087820100,,,,,,REDACTED UPON REQUEST,,04-00013-0000-01211,04-00013-0000-01213
21073884,0.25-1,active,,410.0,0.44,40.5008967,-74.855855,6 Reaville Ave,Flemington,Hunterdon,Commercial,,commercial,JLL,David Townes,9738294800,,,,,,,,,
6145254,0.25-1,active,550000.0,1863.0,0.413223,40.795871,-74.139542,309-319 River Rd,North Arlington,Bergen,Commercial,"Commercial, Strip Center",commercial,UNLMTD Brokerage,Lisa Caban,2019934331,,,,,,G N P Properties,,,
9964253,0.25-1,active,6900000.0,1253.0,1.0,40.8021837,-73.9938872,8607 River Rd,North Bergen,Hudson,Commercial,"Apartment Units, Apartment Units - Condo, Commercial, Mixed Use, Retail, Single Family Development, Single Family Residence",R1,William Nowicki,William Nowicki,2013594578,,,,,,Theresa Nowicki,2016965029,08-00435-0000-00018,08-00435-0000-00018
12806877,0.25-1,active,,1479.0,0.7,40.8978201,-74.1277527,200 Riverfront Blvd,Elmwood Park,Bergen,Commercial,"Commercial, Mixed Use",POP,RIPCO Real Estate,Matt Grundy,2017772300,,,,,,,,,
7009044,0.25-1,active,224900.0,244.0,0.3719,39.2648542,-74.6467177,1 Roosevelt Blvd,Marmora,Cape May,Commercial,Commercial,MTCD,Rio Realty,John Renteria,6098862326,,,,,,Grace Oil Co,,11-00730-0000-00023,11-00730-0000-00023
21702196,0.25-1,active,199000.0,189.0,0.57,40.39361,-74.559032,4050 Route 1,Monmouth Junction,Middlesex,Commercial,,commercial,Davis Commercial,Brian Walsh,7322541600,,,,,,,,,
20291863,0.25-1,active,,686.0,0.4,39.8782366,-75.114561,Route 130,Brooklawn,Camden,Commercial,"Commercial, General Freestanding, Retail","D, SC",Metro Commercial Real Estate Inc.,David Judd,8562223037,,,,,,"SJS Realty Management, Inc.",8564881044,07-00125-0000-00003,07-00125-0000-00003
19742176,0.25-1,off-market,,533.0,0.9,40.8563186,-74.0706974,193 Route 17,Hasbrouck Heights,Bergen,Commercial,,B-2,RIPCO Real Estate,Florian Suserman,2017772301,,,,,,,,,
9960418,0.25-1,active,1200000.0,95.0,0.598,40.918218,-74.7188415,256 Route 206,Stanhope,Sussex,Commercial,"Commercial, MultiFamily, Office, Retail, Single Family Residence",HC,JLL,Nicholas Dinallo,2017903741,2017-08-09,75000.0,,,,Stanhope Fuel Llc,,19-11702-0000-00005,19-11702-0000-00005
12884388,0.25-1,active,425000.0,639.0,0.84,40.5815207,-74.6208566,route 22,Bridgewater,Somerset,Commercial,,C-3,"Graham Realty Group, LLC",Jay Graham,9735409300,,,,,,,,,
12650370,0.25-1,off-market,100000.0,1611.0,0.27,39.764818,-75.318703,2153 Route 322 -1,Woolwich,Gloucester,Commercial,,CC,"Warner Real Estate & Auction Co, Inc.",Richard Warner,8567694111,,,,,,,,,
9111356,0.25-1,active,,189.0,100.0,39.4448275,-74.7108906,Route 40,Mays Landing,Atlantic,Commercial,"Commercial, Distribution, Health Care, Hospital, Industrial, Industrial Park, Medical, Mixed Use, Office, Office Park, Police/Fire Station, R&D, Schools, Truck Terminal, Warehouse",IBP,Colliers,Tony DiDio,8563164138,,,,,,Hamilton Township Industrial Comm,6099090246,,
8408963,0.25-1,active,249000.0,437.0,0.29,40.8532694,-74.782205,400 W Route 46,Mount Olive,Morris,Commercial,"Auto Dealership, Fast Food, Retail",C-2,Realty One Group Next Door,Michael Del Cioppo,9087770599,2014-03-06,120000.0,,,,Road Ranger Holdings Inc,,,
8190839,0.25-1,active,75000.0,54.0,0.41,39.9525221,-74.9877734,2937 Route 73,Maple Shade Township,Burlington,Commercial,"Medical, Office, Retail",BD,Marcus & Millichap,Adam Sklaver,9542453422,,,,,,Jolly & Gurmeet Ahluwalia Family Trust,8567517767,19-00180-0000-00001,19-00180-0000-00001
11268198,0.25-1,off-market,,392.0,0.88,40.2878258,-74.294763,4431 Route 9,Freehold,Monmouth,Commercial,"Commercial, Convenience Store, Service Station",CMX-3A,RIPCO Real Estate,Michael Horne,2013518782,,,,,,,,17-00003-0000-00001,17-00003-0000-00001
7313916,0.25-1,active,199900.0,244.0,0.7,39.046132,-74.8513269,1263 Route 9 & Indian Trail,Burleigh,Cape May,Commercial,Commercial,Community Business,Rio Realty,John Renteria,6098862326,,,,,,,,06  00355-  02-00001-  01,06  00355-  02-00001-  01
1567642,0.25-1,active,599000.0,106.0,0.5788,40.864684,-74.40082,20 Sandra Dr,Parsippany,Morris,Commercial,"Industrial, MultiFamily, Retail",B-2,Keller Williams Village Square Realty,Meena Patel,9176407190,2017-01-23,255000.0,,,,Systec Properties Inc,,29-00719-0000-00003,29-00719-0000-00003
20418200,0.25-1,active,117000.0,65.0,0.595256,40.237736,-74.289149,280 Schanck rd,Freehold,Monmouth,Commercial,,C,ARC Real Estate,Sean Mulligan,6097314265,,,,,,SCHANCK ROAD FREEHOLD LLC,,17-00070-0000-00033-01,17-00070-0000-00033-01
21150621,0.25-1,active,,377.0,0.27,40.741198,-74.1822959,School Street St,Newark,Essex,Commercial,"Apartment Units, Commercial, MultiFamily",commercial,Rivive LLC,Yvonne Ferreira,6097278888,,,,,,UNIVERSITY COMMONS LLC,,14-00404-0000-00010,14-00404-0000-00013
22268123,0.25-1,active,1600000.0,18.0,0.4,40.920923,-74.187393,91-103 Sherman Ave,Paterson,Passaic,Commercial,"Apartment Units, Apartment Units - Condo, MultiFamily",,KW Commercial,Corrado Belgiovine,2012838990,,,,,,91-93 SHERMAN AVE LLC,,08-00905-0000-00014,08-00905-0000-00014
5731530,0.25-1,active,800000.0,176.0,0.71,40.317339,-74.072139,858 Shrewsbury Ave,Tinton Falls,Monmouth,Commercial,"Commercial, Convenience Store, Day Care Center, Medical, Office, Restaurant, Retail",NC,RIPCO Real Estate,Michael Horne,2013518782,,,,,,Rossi Nicholas & Robyn M,7323702278,49-00024-0000-00001-01,49-00024-0000-00001-01
15606029,0.25-1,active,,1150.0,0.5,39.7192431,-74.9744709,431 Sicklerville Rd,Sicklerville,Camden,Commercial,"Day Care Center, Medical, Office",commercial,Forge Commercial Real Estate,Jeff Arnold,6097076001,,,,,,SICKLERVILLE PROFESSIONAL CENTER LL,,36-02202-0000-00009,36-02202-0000-00009
11398343,0.25-1,active,650000.0,81.0,0.394858,40.237772,-74.754215,30 Siegel Ave,Trenton,Mercer,Residential,Apartment Units,multifamily Residential,Boro Diverse Construction Inc,Victor Abreu,9085258114,,,,,,,,11-24906-0000-00017,11-24906-0000-00017
8126751,0.25-1,active,,1092.0,0.96,39.9685557,-74.8850672,99 Sixth Ave,Mount Laurel Township,Burlington,Commercial,Commercial,B,Vantage Real Estate Services,Leor Hemo,8567971919,,,,,,Norman & Arleen Shabel,8567979951,24-00301-16-00001,24-00301-16-00001
21546866,0.25-1,active,399000.0,235.0,0.43,40.1898256,-74.4413786,466 Stagecoach Rd,Millstone Township,Monmouth,Commercial,,commerical,,,,,,,,,70 Grand Avenue Associates,7325307262,33-00036-0000-00056,33-00036-0000-00059
10984728,0.25-1,active,1300000.0,39.0,0.445044,40.5587888,-74.3417109,92 State Route 27,Edison,Middlesex,Commercial,,commercial,Ontrack Realty,Sanjeev Aneja,7324942211,,,,,,,,05-00643-03-00001-01,05-00643-03-00001-01
10989009,0.25-1,active,1750000.0,556.0,0.83,40.30386,-74.0089699,688 State Route 36 (Joline Avenue),Long Branch,Monmouth,Commercial,"Commercial, Mixed Use, Office, Retail",R4 and Man. Business,Christopher Lucia,Christopher Lucia,7323836121,,,,,,Christopher Lucia,7323836121,27-00342-0000-00005,27-00342-0000-00005
20850862,0.25-1,active,,126.0,0.41,40.7243066,-74.068006,120 Storms Ave,Jersey City,Hudson,Residential,"Apartment Units, Commercial, Parking Garage, Planned Unit Development",C,Investment Property Realty Group,Yanni Marmarou,7183605059,,,,,,,,,
21898382,0.25-1,active,,116.0,0.63,40.7965822,-74.1163313,822 Swayne Ave,Lyndhurst,Bergen,Commercial,Commercial,M2,Cushman & Wakefield Inc,Jeff Volpi,2019354000,,,,,,LYNDHURST GENERAL SERV LLC,,32-00223-0000-00002-02,32-00223-0000-00005
12856949,0.25-1,active,175000.0,1452.0,0.85,39.6497131,-75.0168365,Tuckahoe Road,Franklinville,Gloucester,Commercial,"Bank, Car Wash, Convenience Store, Fast Food, Neighborhood Center, Retail, Storefront",Neighborhood Commercial,"Aya Investments, Inc.",Harry Yioves,6462906888,,,,,,,,,
11487291,0.25-1,active,172500.0,2156.0,0.85,39.6194115,-75.001868,Tuckahoe Road & Coles Mill Road,Franklinville,Gloucester,Commercial,Commercial,C-2,KW Commercial,Tom Duffy,8562183313,,,,,,Realty Pitman,,05-01001-0000-00067-01,05-01001-0000-00067-01
10644950,0.25-1,active,17000000.0,1222.0,0.69,40.73297,-74.16282,15 Union St,Newark,Essex,Industrial,,commercial,"Exit Realty Lucky Associates, Inc.",Edson Francisco,9738177700,,,,,,M & M Realty Development Corp,9733447618,14-00178-0000-00024,14-00178-0000-00025
19664400,0.25-1,off-market,2200000.0,683.0,0.92,40.0108508,-74.963653,3000 US 130,Delran,Burlington,Commercial,"General Freestanding, Retail, Service Station",C-2,"AJ Sussman Company, Inc",Alan Sussman,8563211700,,,,,,DELRAN 3000 REALTY CORP,,10-00133-0000-00007,10-00133-0000-00007
12813446,0.25-1,off-market,900000.0,109.0,0.51,40.578242,-74.286151,958 US Highway 1,Avenel,Middlesex,Commercial,"Office, Retail",R1R,Re/Max Select,Thomas Wood,7324947700,,,,,,THE BRIT ORGANIZATION LLC,,25-00824-0000-00017,25-00824-0000-00017
21251471,0.25-1,active,445000.0,357.0,0.91,40.0921,-74.816276,1820 US-130,Burlington,Burlington,Commercial,Commercial,I-1,ERA Central Realty Group,William Seaman,6092984800,,,,,,,,,
10860919,0.25-1,active,2750000.0,2480.0,0.79,40.89573,-74.04451,78-84 Vanderbeck Pl,Hackensack,Bergen,Commercial,MultiFamily,R3B,"NAI James E. Hanson, Inc.",Anthony Cassano,2014885800,,,,,,,,23-00429-0000-00011,23-00429-0000-00011
8206248,0.25-1,active,1325000.0,660.0,2.668848,40.0103029,-74.9844966,2203-2205 Wallace Blvd,Cinnaminson,Burlington,Industrial,"Commercial, Industrial",I,"J.C. BAR Properties, Inc.",Greg Jones,6102346491,2023-01-20,,,,,Eric Nell,,08-00803-0000-00026,08-00803-0000-00027
21632924,0.25-1,active,300000.0,224.0,0.31,39.7003191,-75.1094468,21 Warrick Ave,Glassboro,Gloucester,Commercial,,,Nancy Kowalik Real Estate Group,Nancy Kowalik,8564786562,,,,,,,,06-00040-0000-00012,06-00040-0000-00012
22252643,0.25-1,active,50000.0,25.0,0.45,39.3988456,-74.5416265,6853 Washington Ave,Egg Harbor Township,Atlantic,Commercial,Commercial,RCD,Century 21 Action Plus - Northfield,Joel Rubinfine,6092269131,,,,,,BETHEA EARLINE A,,08-02107-0000-00002,08-02107-0000-00002
11269341,0.25-1,active,,368.0,0.34,40.8833966,-74.0902117,475-477 Westminster Pl,Lodi,Bergen,Residential,,R2,Heim Realty,Richard Heim,9733350811,,,,,,Power Train,9737727900,31-00073-0000-00019,31-00073-0000-00023
9243544,0.25-1,active,,101.0,1.0,39.7628867,-74.8887202,479 White Horse Pike,Atco,Camden,Commercial,"Fast Food, Hotel, Motel, Parking Lot, Restaurant, Retail",OC,Chilmark Real Estate Services LLC,Pranav Shinde,9733262000,2021-11-05,,,,,,,35-02001-0000-00074,35-02001-0000-00074
5033134,0.25-1,off-market,75000.0,240.0,0.456,39.8513816,-75.0241727,N White Horse Pike,Somerdale,Camden,Commercial,"Apartment Units, Apartment Units - Condo, MultiFamily",Commercial,BHHS Fox & Roach- Mt. Laurel,Chris Twardy,6093042314,,,,,,Kevin G Walsh,,31-00023-0000-00012,31-00023-0000-00012
21890367,0.25-1,off-market,150000.0,120.0,1.0,40.881096,-74.737207,10 2nd St,Budd Lake,Morris,Commercial,,land,Coldwell Banker Commercial Realty,Hajira Yafai,9738760970,,,,,,,,,
20968485,0.25-1,active,290000.0,120.0,0.75,40.8732537,-74.7578766,4 31st St,Mount Olive,Morris,Residential,Single Family Development,R1,Coldwell Banker Commercial Realty,Hajira Yafai,9738760970,,,,,,,,,
22013794,0.25-1,active,1900000.0,81.0,0.619835,40.7524208,-74.0574003,638-646 638-646 Tonnelle Ave,Jersey City,Hudson,Commercial,,,Boyne Realty,Brian Henry,2014510950,,,,,,Mark Ilene,,06-02001-0000-00003,06-02001-0000-00003
22182682,0.25-1,active,2600000.0,36.0,0.814711,40.8530339,-74.1299675,222 Aycrigg Ave,Passaic,Passaic,Residential,Apartment Units,R-1A,Dwell Realty,Miriam Lebovits,9735428333,,,,,,Gerwitz Legacy Trust,9734604430,07-03237-0000-00065,07-03237-0000-00065
21251212,0.25-1,off-market,,357.0,0.478563,40.2939214,-73.9912008,251 Bath Ave,Long Branch,Monmouth,Residential,,,,,,,,,,,,,27-00159-0000-00009,27-00159-0000-00009
22024029,0.25-1,active,2400000.0,78.0,0.52189,40.30919,-74.0053,294 Branchport Ave,Long Branch,Monmouth,Commercial,MultiFamily,C-3,mf,Mario Fragale,7325589771,,,,,,,,27-00356-0000-00002,27-00356-0000-00010
20968443,0.25-1,active,190000.0,494.0,1.0,40.8555215,-74.7534438,37 Cassedy Rd,Mount Olive,Morris,Residential,Single Family Development,R1,Coldwell Banker Commercial Realty,Hajira Yafai,9738760970,,,,,,,,,
20835315,0.25-1,active,,606.0,1.0,39.8295262,-75.1106582,1412 Clements Bridge Rd,Woodbury,Gloucester,Commercial,"Bank, Commercial, Fast Food, General Freestanding, Restaurant, Retail, Service Station",,"Metro Commercial Real Estate, Inc.",Jonathan Spoerl,2152820157,,,,,,,,,
12207251,0.25-1,active,,1936.0,0.26,40.6263413,-74.2565192,615 W Elizabeth Ave,Linden,Union,Commercial,"Apartment Units, Commercial",SA/2,,,,,,,,,Barry Colton,9176971176,09-00321-0000-00007,09-00321-0000-00007
12207252,0.25-1,active,,1936.0,0.34,40.626075,-74.256763,633 W Elizabeth Ave,Linden,Union,Commercial,,,,,,,,,,,Barry Colton,9176971176,09-00321-0000-00005,09-00321-0000-00005
21870497,0.25-1,active,4700000.0,130.0,0.981267,40.6162949,-74.4282893,426 W Front St,Plainfield,Union,Commercial,,MU,,,,,,,,,PAREDES MARIA,,12-00241-0000-00009-01,12-00241-0000-00009-01
21792313,0.25-1,active,7000000.0,155.0,0.34,39.9394185,-74.0719846,15 Hamilton Ave,Seaside Heights,Ocean,Commercial,Apartment Units - Condo,RB,Otteau Group,Christopher Otteau,7325182580,,,,,,ROBINSON WALTER,,,
22165236,0.25-1,active,3300000.0,42.0,1.0,41.0532878,-74.9108403,920 Hardwick Rd,Hardwick,Sussex,Industrial,,R5A,Keller Williams City Views,Liana Chiun Lee,2019180119,,,,,,ST FRANCIS VILLAGE INC,,20-02602-0000-00003-01,20-02602-0000-00003-01
21372727,0.25-1,active,9500000.0,323.0,0.989991,40.7254734,-74.1745763,399-411 Mulberry St,Newark,Essex,Commercial,,,,,,,,,,,CHESTER WILLIAMS PRO,,14-00890-0000-00020,14-00890-0000-00021
20833637,0.25-1,active,,609.0,1.0,40.1570291,-74.3520415,51 Progress Pl,Jackson township,Ocean,Industrial,Industrial,commercial,Surge Spaces,Zev Spira,7323759558,,,1512_2401_9,geo,80,,,,
19304476,0.25-1,active,550000.0,926.0,1.0,40.0052398,-74.9793541,2211 Route 130 S,Cinnaminson,Burlington,Commercial,Retail,BD,McCann Commercial,Brendan Ryan,2152195446,,,,,,Wayne A Doganieri,8568290054,,
21133120,0.25-1,active,995000.0,387.0,0.69,40.5839822,-74.2919521,1330 Saint Georges Ave,Avenel,Middlesex,Commercial,"Commercial, Convenience Store, Hospitality, Medical, Mixed Use, Religious Facility, Restaurant, Retail, Storefront",B-3,Weichert Realtors,Shweta Patil,7322101073,,,,,,PLAZA AT AVENEL LLC,,,
21493976,0.25-1,active,5883575.0,65.0,0.373637,40.6395795,-74.3866472,191 South Ave,Fanwood,Union,Commercial,"Apartment Units, Commercial, MultiFamily, Retail, Single Family Development, Single Family Residence",4A,,,,,,,,,Robert G Church,9084900545,05-00055-0000-00018,05-00055-0000-00018
21959489,0.25-1,active,,94.0,0.348112,40.721842,-74.2632599,1734 Springfield Ave ave,Maplewood,Essex,Residential,,,CBRE,Tracy Trank,2017125600,,,,,,,,11-00030-04-00129,11-00030-04-00129
21251280,0.25-1,off-market,,357.0,0.25831,40.2946504,-73.9911653,303 Westwood Ave,Long Branch,Monmouth,Residential,Hold for Development,R4,,,,,,,,,307 Vose Avenue Associates Llc,,27-00159-0000-00012,27-00159-0000-00012
21251261,0.25-1,off-market,,357.0,0.415496,40.2944477,-73.9912544,309 Westwood Ave Ave,Long Branch,Monmouth,Residential,,,,,,,,,,,,,27-00159-0000-00011,27-00159-0000-00011
18865681,1-5,active,,547.0,2.1,40.0302904,-74.821904,2035 Burlington Mount Holly Rd,Burlington,Burlington,Commercial,Retail,R-5,Highview Homes LLC,Dave Gunia,7325309191,,,,,,Mod Car Wash,,37-00807-0000-00001,37-00807-0000-00001
10175396,1-5,active,2995000.0,351.0,4.27,40.1895859,-74.1181632,1709 State Route 34,Wall Township,Monmouth,Commercial,"Car Wash, Commercial, Distribution, Hold for Development, Industrial, Medical, Office, Warehouse",GI-2,Clayton World Property LLC,Jim Clayton,7324140983,2019-12-20,950000.0,,,,Clayton,7323632100,52-00917-0000-00119-01,52-00917-0000-00119-01
11045299,1-5,active,350000.0,2709.0,1.36,40.6220168,-74.7660601,101 & 103 Main St,Readington,Hunterdon,Commercial,"Auto Repair, Commercial, Community Center, Day Care Center, Industrial Live/Work Unit, Medical, Office, Public Park, Retail",BUSINESS,Coldwell Banker Commercial Realty,James Robinson,9087826850,,,,,,,,,
21830588,1-5,active,13000000.0,141.0,4.59,39.7608822,-74.1093006,19 6th St,Barnegat Light,Ocean,Commercial,"Commercial, Marina",M-C,"Joy Luedtke Real Estate,LLC",Lieben Luedtke,6094948883,,,,,,,,,
10299600,1-5,active,,288.0,1.05,40.7186043,-74.0610973,125 Amity St,Jersey City,Hudson,Industrial,"Commercial, Industrial",Light Industrial,Team Resources,Lissa Roy,2014381177,,,,,,,,,
21496900,1-5,active,1275000.0,280.0,4.06,40.27282,-74.4709,123 Applegarth Rd,Monroe Township,Middlesex,Commercial,,HD (Highway Development,Mid-State Realty,John Profaci,7322518900,,,,,,Kotdawala Shrinath J,,12-00006-0000-00041-2,12-00006-0000-00041-2
9369710,1-5,active,1950000.0,2040.0,2.04,39.8639311,-74.2169319,1100 Arthur St,Forked River,Ocean,Commercial,"Apartment Units, Hospitality, Hotel, MultiFamily, Office, Single Family Development",Office Commercial/Res,Ocean Commercial Group,Alan Baker,6096932040,,,,,,,,,
21874176,1-5,active,1495000.0,126.0,1.01,39.357062,-74.439812,2318 Atlantic Ave,Atlantic City,Atlantic,Commercial,,NC/RS-C,Vantage Real Estate Services,Ken Richardson,6093460512,,,,,,,,,
7174932,1-5,active,799000.0,260.0,2.18,40.8679443,-74.3613055,1 Barnet Rd,Montville Township,Morris,Industrial,"Day Care Center, Garden Center, Industrial, Office, Warehouse",Warehouse,Prominent Properties Sotheby's Realty,Brian Haydon,2017689300,,,,,,Mainardi Mark E & Frances B,6096541085,21-00160-0002-00004,21-00160-0002-00004
20959196,1-5,active,2600000.0,105.0,1.76,39.8612709,-75.0984443,541 Benigno Ave,Bellmawr,Camden,Industrial,Industrial,Heavy Industrial,Kassin Sabbagh Realty (KSR),Yanky Chaimowitz,2124179217,,,,,,,,04-00173-04-00001-02,04-00173-04-00001-02
22041616,1-5,active,789900.0,71.0,1.38,40.1211712,-74.2921379,635 Bennetts Mills Rd,Jackson,Ocean,Commercial,"Bank, Bar, Car Wash, Commercial, Community Center, Convenience Store, Day Care Center, Drug Store, Fast Food, Garden Center, Office, Religious Facility",NC -,Crossroads Realty Inc.,Mark Kotzas,7322444900,,,,,,,,12-08702-0000-00008,12-08702-0000-00008
7750872,1-5,active,,3333.0,3.0,39.8281358,-74.993979,52 N Berlin Rd,Lindenwold,Camden,Commercial,Commercial,B1,Stevens Real Estate,Matt Stevens,8562221000,,,,,,Joan A Bell,,22-00104-0000-00002,22-00104-0000-00002
12246861,1-5,active,995000.0,716.0,1.5,39.7570608,-74.980797,403 Berlin-Cross Keys Rd,Sicklerville,Camden,Commercial,Commercial,OF,JLL,Rick Widerman,8563245301,,,,,,Crosskeys Road Realty Llc,,15-18101-0000-00032,15-18101-0000-00032
8802703,1-5,active,,827.0,3.0,40.0082206,-74.8608418,Beverly Rancocas Rd,Westampton,Burlington,Commercial,Retail,02,Wolf Commercial Real Estate L.L.C.,Jason Wolf,8568576300,,,,,,,,37-00106-0000-00022,37-00106-0000-00022
10227687,1-5,active,,268.0,2.51,39.9661797,-74.9027572,1001 Bishops Gate Blvd,Mount Laurel,Burlington,Industrial,"Day Care Center, Hospitality, Industrial, Medical, Office, Restaurant, Retail, Strip Center, Warehouse",Industrial,NAI Mertz,Sandro Randazzo,8567244256,2019-12-10,,,,,Creek Crossing LLC,8562314430,24-00510-0000-00001-02,24-00510-0000-00001-02
5663319,1-5,active,1500000.0,183.0,4.0,39.832968,-75.068364,2000 Black Horse Pike,Glendora,Camden,Commercial,,,"Legend Properties, Inc.",Steven DePetris,8562311010,2017-03-17,478700.0,,,,SSN Hotels,3027383198,15-02601-0000-00006,15-02601-0000-00006
10709010,1-5,active,699000.0,2993.0,3.0,39.41857,-74.58476,6523-6527 Black Horse Pike,Egg Harbor Township,Atlantic,Commercial,"Commercial, Retail, Strip Center",Commercial,Coastline Real Estate Dev,Michael Guterman,6092666220,,,,,,Coastline Real Estate Dev,6092666220,08-01901-0000-00009,08-01901-0000-00009
10538120,1-5,active,,241.0,6.0,39.6997098,-75.0012311,1010 N Black Horse Pike,Williamstown,Gloucester,Commercial,Retail,RG-C,Wolf Commercial Real Estate L.L.C.,Jason Wolf,8568576300,,,0811_1101_11.03,geo,76,Philip J. Bowers Co.,7327417200,11-01101-0000-00011-01,11-01101-0000-00011-01
9953557,1-5,active,699000.0,456.0,1.58,39.661134,-74.964284,1851 N Black Horse Rd,Williamstown,Gloucester,Commercial,"Commercial, Retail",Commercial,Century 21 Rauh & Johns,Joseph Rauh,8565820366,,,,,,Wainco Karen East Llc,,11-09902-0000-00016,11-09902-0000-00016
11188284,1-5,active,,179.0,4.0,40.7353437,-74.1263272,18 Blanchard St,Newark,Essex,Industrial,,I-3,PRE Commercial,Jason Marzano,9736905663,2021-02-19,2000000.0,,,,,,14-05001-0000-00012,14-05001-0000-00012
7266482,1-5,active,3095000.0,41.0,1.5,40.8262396,-74.233714,176-200 Bloomfield Ave,Verona,Essex,Commercial,"Apartment Units, Commercial, Mixed Use, MultiFamily, Office, Retail, Storefrnt Retail/Residntl",C-1,eXp Realty,Darren Giordano,2017233300,2012-06-14,250000.0,,,,DMH2 Llc,,20-00202-0000-00023,20-00202-0000-00023
6550350,1-5,active,1200000.0,389.0,2.2,40.856644,-74.311981,1213 Bloomfield Ave,West Caldwell,Essex,Commercial,"Auto Dealership, Commercial, Medical, Office",B-3,KenKap Realty Corp.,Kenneth Kaplan,9732877400,2023-04-17,500000.0,,,,,,,
21408316,1-5,active,990000.0,309.0,2.45,40.755243,-74.9968993,10 Brass Castle Rd,Washington,Warren,Commercial,Rehabilitation Center,B1,Weichert Realtors,Michael Dorney,6103175140,,,,,,,,,
21736454,1-5,active,625000.0,35.0,3.63,39.688794,-75.114225,129 Buck Rd,Glassboro,Gloucester,Commercial,Commercial,MD NCO,"Warner Real Estate & Auction Co, Inc.",Richard Warner,8567694111,,,,,,,,04-00072-0000-00005,04-00072-0000-00005
19291030,1-5,active,549000.0,937.0,3.0,40.1679419,-74.4216026,14-16 Burnt Tavern Rd,Millstone Township,Monmouth,Commercial,Warehouse,BP Business Park,North American Realty,Dan De Palma,2012660030,,,,,,,,,
7421124,1-5,active,,2093.0,3.0,39.748363,-75.2617586,10 Burton Ln,Mullica Hill,Gloucester,Commercial,"Industrial, Office, Retail, Warehouse",C-55,,,,,,,,,"Woodland Four, LLC",6106396531,08-00046-0000-00004-06,08-00046-0000-00004-06
7421173,1-5,active,,2093.0,4.53,39.7476213,-75.2624017,12 Burton Ln,Mullica Hill,Gloucester,Commercial,"Industrial, Office, Retail, Warehouse",C-55,,,,,,0808_46_4.10,near,80,Donovan Joseph Edward,5704574107,08-00046-0000-00004-08,08-00046-0000-00004-08
7421094,1-5,active,,2093.0,4.06,39.7458358,-75.2625803,14 Burton Ln,Mullica Hill,Gloucester,Commercial,"Industrial, Office, Retail, Warehouse",C-55,,,,,,0808_46_4.10,geo,80,Woodland Four Llc,,08-00046-0000-00004-09,08-00046-0000-00004-09
7421118,1-5,active,,2093.0,3.05,39.7478056,-75.2604087,9 Burton Rd,Mullica Hill,Gloucester,Commercial,"Industrial, Office, Retail, Warehouse",C-55,,,,,,0808_46_4.10,near,80,Woodland Four Llc,,08-00046-01-00002,08-00046-01-00002
7421183,1-5,active,,2093.0,3.04,39.7470726,-75.2610648,13 Burton Rd,Mullica Hill,Gloucester,Commercial,"Industrial, Office, Retail, Warehouse",C-55,,,,,,0808_46_4.10,near,80,Woodland Four Llc,,08-00046-01-00001,08-00046-01-00001
4374617,1-5,active,,1270.0,3.0,39.8612427,-74.9450832,710 Centennial Blvd,Voorhees,Camden,Commercial,"Commercial, Day Care Center, Medical, Office, Retail",GB-2,Wolf Commercial Real Estate L.L.C.,Jason Wolf,8568576300,2001-11-28,300000.0,,,,Qrp Land Iii Lp,,34-00213-21-00002,34-00213-21-00002
10004902,1-5,active,,168.0,1.05,40.0446396,-74.8998947,45 Charleston Rd,Willingboro,Burlington,Commercial,Commercial,B1,NAI Mertz,Sandro Randazzo,8567244256,2017-08-29,210000.0,,,,Mario J Montecalvo,3059443068,38-00001-0000-00008,38-00001-0000-00008
5071694,1-5,active,1500000.0,469.0,3.39,39.81701,-75.0363868,1110 Chews Landing Rd,Clementon,Camden,Commercial,"Commercial, Office, Retail",HC,Vantage Real Estate Services,Leor Hemo,8567971919,,,,,,,,15-20601-0000-00004,15-20601-0000-00004
11257059,1-5,active,1400000.0,187.0,1.5,40.4303425,-74.2470436,2 Cliffwood Ave,Aberdeen,Monmouth,Residential,"Commercial, Medical, Office",NC,Deluccia Commercial Group/Berkshire Hathaway Fox &,Gregory Papalcure,7325394054,,,,,,BROWNE ALLAN O,,01-00157-0000-00002,01-00157-0000-00002
20942609,1-5,active,,46.0,5.0,40.5487253,-74.5467207,91 Cottontail Ln,Somerset,Somerset,Industrial,Industrial,Business and Industry,Lee & Associates Commercial Real Estate Services,Richard Marchisio,5512658312,,,1808_517.01_8.12,near,40,,,,
13910991,1-5,active,,241.0,2.0,39.7955138,-74.9343998,76 Cross Keys Rd,Berlin,Camden,Commercial,"Day Care Center, Religious Facility, Storefrnt Retail/Residntl",R-1,Wolf Commercial Real Estate L.L.C.,Corey Hassman,8568576300,,,0405_1300_1,pin,49,,,05-01300-0000-00001,05-01300-0000-00001
21153350,1-5,active,1200000.0,374.0,2.41,39.5831333,-75.0525295,delsea dr Delsea Drive,Franklinville,Gloucester,Industrial,"Commercial, Day Care Center, Distribution, Drug Store, Garden Center, Industrial, Restaurant, Retail, Retail Warehouse, Self-Storage, Warehouse",HC,Boniakowski Commercial Real Estate Group,Todd Gannet,7325290327,,,,,,,,,
10024945,1-5,active,,339.0,4.9,40.7534316,-74.1419929,201 Devon Ter,Kearny,Hudson,Industrial,"Industrial, Parking Lot",LTI,,,,2021-01-11,3000000.0,0907_252_2.022,near,80,J. Supor & Son,2012991100,07-00252-0000-00004-02,07-00252-0000-00004-02
13831139,1-5,active,499900.0,1334.0,2.2,40.6577189,-74.4410858,999 Drift Rd,Berkeley Heights,Somerset,Commercial,"Commercial, Single Family Residence",RES,First New Jersey Real Estate Network Inc,Robert Berlant,7328938234,,,,,,,,21-07010-0000-00002,21-07010-0000-00002
21831091,1-5,active,,141.0,1.0,40.0416906,-74.1135084,307 Drum Point Rd,Brick,Ocean,Commercial,Apartment Units,B2,eXp Realty,Jamie Arcykiewicz,9739032721,,,,,,,,07-00323-04-00001,07-00323-04-00001
12344517,1-5,active,970000.0,17.0,4.67,39.6957075,-75.1488602,Ellis Street,Glassboro,Gloucester,Commercial,"Commercial, Restaurant, Retail",OP (Office Park),"Warner Real Estate & Auction Co, Inc.",Richard Warner,8567694111,,,,,,"Mid-Atlantic Sports Construction, LLC",4845675616,,
21248350,1-5,off-market,360000.0,358.0,3.0,39.41698,-74.5327754,2537 Fire Rd,Egg Harbor Township,Atlantic,Commercial,Commercial,HB,Rose Commercial Real Estate,Adam Rose,8569859522,,,,,,,,,
21407442,1-5,active,500000.0,309.0,3.39,39.7016218,-75.0525566,2649 Fries Mill rd,Williamstown,Gloucester,Commercial,,BP,Wolf Commercial Real Estate L.L.C.,Michael Scanzano,8564656637,,,,,,ECM EQUITY GROUP LLC,,,
763722,1-5,off-market,7500000.0,737.0,42.0,40.8954805,-74.6715451,N Frontage Rd,Landing,Morris,Commercial,"Commercial, Industrial, Office",LIOR,Team Resources,Ed Schein,2014381177,2014-02-04,,,,,Kpm Realty Associates Llc,,36-09601-0000-00001,36-09601-0000-00002
13837011,1-5,active,750000.0,694.0,2.17,39.7484294,-75.3129574,100 Grant Ave,Swedesboro,Gloucester,Industrial,"Auto Dealership, Auto Repair, Commercial, Contractor Storage Yard, Convenience Store, Industrial, Parking Lot, Restaurant, Retail, Retail Warehouse, Self-Storage, Truck Terminal, Warehouse",C & LM,Cresa,Eric Zahniser,6108259298,,,,,,,,17-00035-0000-00002,17-00035-0000-00002
11484254,1-5,active,1950000.0,121.0,1.64,40.2172664,-74.7512022,499-501 Greenwood Ave,Trenton,Mercer,Residential,"Apartment Units, Commercial, Office, Retail",TOD-2,"Princeton Property Partners, LLC",Sab Russo,6094932203,2022-06-01,750000.0,,,,Ajax Management,6096568300,11-13801-0000-00028,11-13801-0000-00028
10920704,1-5,off-market,4500000.0,1647.0,2.25,40.5594082,-74.4207127,2529 Hamilton Blvd,South Plainfield,Middlesex,Commercial,"Auto Dealership, Auto Repair, Bank, Car Wash, Commercial, Community Center, Contractor Storage Yard, Convenience Store, Day Care Center, Distribution, Drug Store, Fast Food, Funeral Home, Garden Center, General Freestanding, Health Care, Hold for Development, Hold for Investment, Hospitality, Hotel, Industrial, Lodge/Meeting Hall, Medical, Mixed Use, Motel, Neighborhood Center, Office, Office Park, Open Space, Parking Lot, Police/Fire Station, Post Office, Public Library, Public Park, R&D, Refrigeration/Cold Stor, Rehabilitation Center, Religious Facility, Restaurant, Retail, Retail Warehouse, Schools, Self-Storage, Service Station, Shelter, Storefrnt Retail/Residntl, Storefront, Storefront Retail/Office, Strip Center, Supermarket, Unknown, Veterinarian/Kennel, Warehouse",M3 approved 9/2025,"CIS Realty Group, LLC",Nicole Risoli,6092982229,,,,,,Rab Realty Llc,,22-00539-0000-00001,22-00539-0000-00006
21906080,1-5,active,495000.0,115.0,4.51,39.5177337,-74.9322552,504 S Harding Hwy,Buena,Atlantic,Residential,Single Family Development,R-3,Eagle Commercial Real Estate,Anthony Pustizzi,8569858565,,,,,,DITHOMASI CARLO,,04-00201-0000-00044,04-00201-0000-00044
20243491,1-5,active,3900000.0,155.0,1.0,40.7707895,-74.0597228,52-66 Henry St,Secaucus,Hudson,Industrial,"Contractor Storage Yard, Distribution, Garden Center, Industrial, Parking Lot, Retail Warehouse, Self-Storage, Truck Terminal, Warehouse",LIB,KenKap Realty Corp.,Kenneth Kaplan,9732877400,,,,,,Hugerich Walter,,09-00050-0000-00004-0000-HM,09-00050-0000-00004-0000-HM
21785286,1-5,active,625000.0,157.0,1.49,40.990515,-74.0226238,1 High st,Westwood,Bergen,Commercial,Single Family Residence,R1,KW Commercial Fort Lee,Bruce Elia,2019175884,,,,,,,,,
20387392,1-5,active,,654.0,1.78,40.4051244,-74.2326577,986 Highway 34,Matawan,Monmouth,Commercial,Retail,HI,Jeffery Realty,Shane Wierks,9086689600,,,,,,,,31-00120-01-00003,31-00120-01-00003
9670037,1-5,active,599900.0,437.0,2.29,40.1046478,-74.0778713,2681-2683 Highway 70,Wall,Monmouth,Commercial,"Day Care Center, Medical, Office, Office Park, Restaurant",OP-10,Lakis Commercial Realty LLC,Nicholas Pistolakis,7322954475,,,,,,Christie Aileen & John D,,52-00893-0000-00052,52-00893-0000-00114
19797708,1-5,active,16500000.0,101.0,4.48,40.1654588,-74.2949266,710 Jackson Mills Rd,Jackson,Ocean,Commercial,"Commercial, MultiFamily, Retail",NC,,,,,,1512_1001_63,near,80,A A TRUCK PARTS INC,,12-00903-0000-00011,12-00903-0000-00011
5836106,1-5,active,600000.0,2017.0,2.33,39.946179,-74.3619303,59 Lacey Rd,Whiting,Ocean,Commercial,"Medical, Office",WTOP,Gillen Realty Inc,Timothy Gillen,7322409600,2009-12-05,450000.0,,,,"Red Baron Realty of Whiting, LLC",,,
12392136,1-5,active,649000.0,1738.0,2.15,39.4868959,-75.0533866,1457 W Landis Ave,Vineland,Cumberland,Commercial,Commercial,B-3/B-4,The Roarke Agency,Michelle Evans,8564556660,,,,,,Doris Alibrando,8566924973,14-03502-0000-00003,14-03502-0000-00003
12365920,1-5,active,550000.0,1767.0,1.95,40.642405,-74.573881,148 Liberty Corner Rd,Warren,Somerset,Commercial,,commercial,"Silbert Realty & Management Co., Inc.",Brian Silbert,9086046900,,,,,,,,,
21759728,1-5,off-market,6500000.0,169.0,1.01,39.6486834,-74.176137,902 Long Beach Blvd,Beach Haven,Ocean,Commercial,,SC,The Agency-Rutherford,Jennifer Darby Metzger,2019397500,,,,,,Gary Stipicevic,6093617202,29-00096-0000-00001-02,29-00096-0000-00001-02
11392956,1-5,active,10000000.0,196.0,2.7,40.4950796,-74.2936972,6125 Main St,Sayreville,Middlesex,Industrial,"Distribution, Industrial, Retail, Warehouse",Industrial and retail,Logistic Realty LLC,William Hettler Sr.,7327388880,,,1219_282_1,geo,65,,,,
9379851,1-5,active,350000.0,39.0,1.0,39.7532343,-75.211171,231 N Main St,Mullica Hill,Gloucester,Commercial,Commercial,C-1,Weichert Realtors,Robyn Baselice,6092547761,,,,,,Westervelt Ed,,08-00041-0000-00001,08-00041-0000-00001
8397857,1-5,active,,1276.0,4.18,39.4812721,-74.9996842,245 S Main Rd,Vineland,Cumberland,Commercial,"General Freestanding, Hold for Development, Retail",R4,Arqeo Management,David Lerman,2155454545,,,,,,,,14-04301-0000-00007,14-04301-0000-00007
22029473,1-5,active,,66.0,1.5,39.4747672,-75.0027403,710 S Main Rd,Vineland,Cumberland,Residential,,Residential,James and Dolores Hoffman,Dolores Hoffman,6094128246,,,,,,,,,
21485932,1-5,active,,284.0,1.87,39.8352827,-74.1952048,316 S Main St,Forked River,Ocean,Commercial,"Mixed Use, Retail",C150,Century 21 Action Plus Realty,Howard Hulin,8002992129,,,,,,,,,
20541659,1-5,off-market,1300000.0,635.0,1.2,40.3821866,-74.3288457,815 Marlboro Rd,Old Bridge,Middlesex,Residential,Apartment Units,AS,RE/MAX First Realty,Carl SanFilippo,7322573500,,,,,,,,,
21006333,1-5,active,,465.0,2.4,40.7447755,-74.1667753,1054-1084 McCarter Hwy,Newark,Essex,Commercial,Retail,commercial,The Blau & Berg Company,Peter Murano,9733796644,,,,,,,,14-00004-0000-00009,14-00004-0000-00009
20218019,1-5,active,995000.0,744.0,2.98,40.251834,-74.434251,100-150 Meco Dr,Millstone,Monmouth,Commercial,Distribution,BP (Business Park),"Legacy Commercial Realty, LLC",Matt Miller,7323336380,,,1333_16_10.04,near,45,Nanci Lucas,6094434344,,
9110975,1-5,active,,186.0,4.81,40.5298657,-74.847751,18 Minneakoning Rd,Flemington,Hunterdon,Industrial,"Agricultural, Commercial, Hotel, Industrial, Motel, Office, Public Park, Retail, Truck Terminal, Warehouse",I-2,Predict Industrial,"Anthony Rittwager, CCIM, SIOR",6094546262,,,1021_16_16.07,near,73,Del-pat Properties Llc,,21-00016-01-00016-05,21-00016-01-00016-05
22136783,1-5,active,2200000.0,51.0,1.16,40.38994,-74.765097,24 Model Ave,Hopewell,Mercer,Commercial,MultiFamily,Townhome Redevelopment,Henry Wittman,Henry Wittman,9083854805,,,,,,Henry Wittman,9083854805,05-00011-0000-00026,05-00011-0000-00026
21657255,1-5,active,2800000.0,66.0,5.5,40.164441,-74.4168752,525 Monmouth Rd,Jackson,Ocean,Commercial,"Commercial, Medical, Retail",HC,Colliers,Douglas Twyman,7328070338,,,1333_60.01_20.01,near,15,,,12-02901-0000-00002,12-02901-0000-00028
13192565,1-5,active,1250000.0,1394.0,3.2,40.057928,-74.845696,1605 Mount Holly Rd,Burlington,Burlington,Commercial,"Auto Dealership, Bank, Car Wash, Commercial, Convenience Store, Day Care Center, Fast Food, Hotel, Neighborhood Center, Retail, Service Station, Strip Center",B-2 & R-20,LEP Commercial Real Estate LLC,Linda Perez,6092203254,,,,,,,,,
10151213,1-5,active,585000.0,3550.0,1.32,40.6260983,-74.4995797,219 Mount Horeb Rd,Warren,Somerset,Commercial,Office,BR-40,"Silbert Realty & Management Co., Inc.",Emily Barreira,9086046900,,,,,,Castle Ridge Properties Llc,,20-00078-0000-00023-01,20-00078-0000-00023-01
9430304,1-5,active,1890000.0,66.0,4.21,40.3269528,-74.360959,380 Mounts Mills Rd,Monroe Township,Middlesex,Commercial,"Bank, Commercial, Community Center, Contractor Storage Yard, Convenience Store, General Freestanding, Self-Storage, Service Station, Storefront, Strip Center, Warehouse",Neighborhood Commercial,Marcus & Millichap,Scott Geller,2017426167,,,,,,S&A Partners,4045451547,12-00038-0000-00002,12-00038-0000-00002
5017099,1-5,active,,948.0,3.88,40.7981991,-74.3525443,576-586 W Mt. Pleasant Ave,Livingston,Essex,Commercial,"Commercial, Retail",C-I,SRS Real Estate Partners,Hugh Kelly,2127105252,,,,,,,,10-00101-0000-00003,10-00101-0000-00003
21879115,1-5,active,1590000.0,123.0,3.03,39.7232964,-75.1710637,500 Mullica Hill Rd,Mullica Hill,Gloucester,Commercial,"Commercial, Medical, Office, Retail",C1,Eagle Commercial Real Estate,Anthony Pustizzi,8569858565,,,,,,EAGLE ENTERPRISES OF SJ LLC,,,
12862171,1-5,active,1750000.0,256.0,3.1,40.672726,-75.140686,992 New Brunswick Ave,Phillipsburg,Warren,Commercial,"Bank, Hotel, Storefrnt Retail/Residntl",B-3,Paranee Property Management,Joseph Paranee,6106579515,,,,,,,,20-00078-0000-00002,20-00078-0000-00002
22191967,1-5,active,249000.0,32.0,1.06,41.0435019,-74.4370195,0 New Jersey 23,Newfoundland,Passaic,Commercial,,commerical,Evergreen Commercial Real Estate,Douglas Balduini,9733320518,,,,,,VANHOOK KAYLAN,,15-14605-0000-00007,15-14605-0000-00007
21284394,1-5,active,,346.0,1.15,39.9986839,-75.0346917,500 New Jersey 73,Palmyra,Burlington,Commercial,"Commercial, Retail",HC,Wolf Commercial Real Estate L.L.C.,Erin Warwick,8568576300,,,,,,,,27-00070-0000-00001,27-00070-0000-00005
11210391,1-5,active,895000.0,80.0,4.28,40.59268,-74.8696,1124 Nj-31,Lebanon,Hunterdon,Commercial,"Health Care, Medical, Office",OB1,"Newmark Associates CRE, LLC",Dennis Giammetta,9738844444,2024-03-05,,,,,,,06-00023-0000-00004,06-00023-0000-00004
21883482,1-5,active,,122.0,1.73,40.1534217,-74.0998483,2161 NJ-34 Hwy,Wall Township,Monmouth,Commercial,"Apartment Units, Apartment Units - Condo, Apartment Units - Dorms, Apartment Units - Senior, Apartment Units - Subsdzd, Bank, Commercial, Community Center, Convenience Store, Day Care Center, Drug Store, Fast Food, General Freestanding, Medical, Mixed Use, MultiFamily, Neighborhood Center, Office, Planned Unit Development, Rehabilitation Center, Religious Facility, Restaurant, Retail, Single Family Development, Storefrnt Retail/Residntl, Storefront, Storefront Retail/Office, Veterinarian/Kennel",OP-2,NAI DiLeo-Bram & Co.,Kyle Gerace,6093856567,,,,,,,,52-00821-0000-00014-01,52-00821-0000-00014-01
20282992,1-5,off-market,250000.0,598.0,1.65,41.140159,-74.601952,3333 NJ-94,Hamburg,Sussex,Commercial,"Bank, Commercial, Medical, Self-Storage",B-1,Signature Realty NJ LLC,Natalie Gallerano,9732346552,,,,,,,,11-00067-17-00002-02,11-00067-17-00002-02
13844208,1-5,active,300000.0,1319.0,2.27,39.9765847,-74.1731834,821 Oak,Toms River,Ocean,Residential,"Hold for Development, Hold for Investment, Mixed Use, Religious Facility, Schools, Single Family Development, Single Family Residence",R-150,Homesmart First Advantage Realty,Steven Bendel,7325033995,,,,,,Steven Bendel,,08-00414-0000-00020-02,08-00414-0000-00020-02
20911379,1-5,active,3000000.0,539.0,4.0,40.5777908,-74.4086793,128 Oak Tree Ave,South Plainfield,Middlesex,Residential,"Distribution, Industrial, Warehouse",R-10,Jack Pedersen Realty,Jack Pedersen,9087558300,,,,,,,,,
11147656,1-5,active,1600000.0,2502.0,1.39,41.0266359,-74.243096,W Oakland Ave,Oakland,Bergen,Commercial,,CBD-2,RE/MAX SELECT,Chopper Russo,2013375555,,,,,,Triple D Holdings Llc,2013378244,,
19837553,1-5,active,400000.0,777.0,1.12,40.56821,-74.49252,Off Mountain Ave,Middlesex,Middlesex,Commercial,,IND,"Weichert Commercial Brokerage, Inc.",Wayne Zdanowicz,7324940778,,,,,,,,10-00318-0000-00043,10-00318-0000-00043
10657643,1-5,active,3950000.0,843.0,3.1,40.463158,-74.4030348,710 Old Bridge Tpke & Route 18,East Brunswick,Middlesex,Commercial,,HC-2,"Kroll Commercial Realty, LLC",James Chiarello,7326138100,,,,,,,,,
19828658,1-5,active,,137.0,1.27,40.8908505,-74.7116717,10 Old Ledgewood Rd,Flanders,Morris,Industrial,,LI,"NAI James E. Hanson, Inc.",Sig Schorr,9732402116,,,,,,,,27-04200-0000-00001,27-04200-0000-00001
11324458,1-5,off-market,1650000.0,2346.0,4.05,40.2859808,-74.5660491,359 Princeton Hightstown Rd,East Windsor,Mercer,Commercial,Office,RO,Keller Williams Premier,Ted Skopas,6092137300,,,,,,,,,
19707382,1-5,active,,854.0,4.39,40.321993,-74.473431,24 Public Rd,Monroe Township,Middlesex,Commercial,Warehouse,commercial,"Zimmel Associates, Inc.",Jaime Zimmel,7326619200,,,,,,,,,
21715614,1-5,active,1500000.0,183.0,3.3,41.042164,-74.227533,695 Ramapo Valley Rd,Oakland,Bergen,Residential,"Horse Stables, Single Family Development, Single Family Residence",,Prominent Properties Sotheby's Realty,Rob Alvarez,2016586023,,,,,,,,,
10748718,1-5,active,3100000.0,1.0,1.37,40.8468104,-74.0327694,29 Riverside Ave,Little Ferry,Bergen,Residential,"Apartment Units, Apartment Units - Condo, MultiFamily",R-B,KW Commercial Fort Lee,Bruce Elia,2019175884,,,,,,SICLARI CATHERINA,,30-00111-0000-00013-01,30-00111-0000-00013-01
11038593,1-5,active,,191.0,4.5,40.823415,-74.4348607,7 Rosin rd,Whippany,Morris,Industrial,"Food Processing, Industrial, Refrigeration/Cold Stor, Warehouse",I,"NAI James E. Hanson, Inc.",Jordan Avanzato,2014885800,,,,,,Van Dyk Corp,,12-03901-0000-00012,12-03901-0000-00012
12276952,1-5,active,,1372.0,1.45,40.087031,-74.828143,1412-1414 Route 130,Burlington,Burlington,Commercial,"Fast Food, Health Care, Office, Retail",B-2,NAI Mertz,Julie Kronfeld,8568026516,,,,,,,,06-00145-01-00003-01,06-00145-01-00003-02
8845310,1-5,active,550000.0,1010.0,1.6,40.322217,-74.5080127,2657 Route 130,Cranbury,Middlesex,Commercial,"Bank, Retail",HC,The DiOrio Team at Berkshire Hathaway Commercial,James DiOrio,9739926363,,,,,,Jeffrey Berking,,02-00026-0000-00066,02-00026-0000-00066
8845398,1-5,active,4500000.0,2794.0,4.4,40.3148015,-74.5079132,2678 Route 130,Cranbury,Middlesex,Commercial,"Commercial, Hospitality, Hotel, Medical, R&D, Restaurant, Retail, Retail Warehouse, Self-Storage, Strip Center, Supermarket",HC,The DiOrio Team at Berkshire Hathaway Commercial,James DiOrio,9739926363,,,,,,222 Route 31 Associates Llc,,,
9885975,1-5,off-market,1100000.0,864.0,1.974288,40.0662183,-74.8719637,4520 Route 130 S,Burlington,Burlington,Commercial,,R-12,Bielat Santore & Company,Robert Gillis,7325314200,,,,,,Burlington Realty Investment LLC,,06-00101-29-00001,06-00101-29-00001
7651495,1-5,active,1550000.0,1514.0,1.56,40.5652203,-74.6888011,991 Route 202,Branchburg,Somerset,Commercial,Commercial,R/S2,"Silbert Realty & Management Co., Inc.",Brian Silbert,9086046900,,,,,,Paramount Assets,2018588500,05-00054-0000-00019,05-00054-0000-00019
20853260,1-5,active,1400000.0,249.0,1.0,40.9255093,-74.7191111,33 Route 206 N,Byram Township,Sussex,Commercial,Restaurant,V-B,RIPCO Real Estate,Matt Grundy,2017772300,,,,,,,,04-00036-0000-00040,04-00036-0000-00040
11520680,1-5,active,525000.0,315.0,1.0,39.7634,-75.311167,2061 Route 322,Swedesboro,Gloucester,Commercial,"Bank, Car Wash, Day Care Center, Garden Center, Health Club, Medical, Mixed Use, Office, Restaurant, Retail, Service Station, Storefront Retail/Office, Strip Center, Winery/Vineyard",MUD,Procision Commercial Realty,Robert Beach,8562285151,2021-05-26,80000.0,,,,Nisha Patel,,24-00012-0000-00003-02,24-00012-0000-00003-02
12678381,1-5,active,,1579.0,1.0,40.3028186,-74.0171508,63 Route 36,West Long Branch,Monmouth,Commercial,,NC,Resources Real Estate,Joann Davenport,7326876221,,,,,,Anthony Sgro,5616304880,,
9616152,1-5,active,449900.0,394.0,2.5,39.6449767,-74.3400874,1463 Route 539,Tuckerton,Ocean,Commercial,,GBSG,Century 21 Action Plus Realty,Brooke Minotti,8002992129,2024-02-29,430000.0,,,,Robert Stern,,17-00083-0000-00007,17-00083-0000-00007
667712,1-5,active,1200000.0,431.0,2.74,39.897547,-74.870669,860 E Route 70,Marlton,Burlington,Commercial,"Commercial, Retail",C1,Forge Commercial Real Estate,Jeff Arnold,6097076001,2014-08-04,450000.0,,,,Coppola Real Estate LLC,6097149050,13-00016-0000-00003-02,13-00016-0000-00003-02
11211588,1-5,active,395000.0,210.0,1.05,39.8473529,-74.9225712,250 Route 73,Voorhees,Camden,Commercial,"Bank, Commercial, Community Center, Contractor Storage Yard, Convenience Store, Day Care Center, Drug Store, Fast Food, General Freestanding, Hold for Development, Medical, Office, Open Space, Restaurant, Retail, Service Station",Major Business Zone (MB),Blumberg Asset Management,Brad Blumberg,5708460545,,,,,,Blumberg Asset Management,5708460545,,
9819053,1-5,off-market,399900.0,127.0,2.58,39.9723452,-75.0071577,3120 Route 73 N,Maple Shade Township,Burlington,Commercial,"Commercial, Industrial, Retail","BD, HC",RE/MAX Select - Westfield,Gustavo Souza,2153356900,2021-02-01,,,,,,,19-00007-03-00014-01,19-00007-03-00014-01
11449635,1-5,active,425000.0,2194.0,1.33,39.8196788,-74.9283278,591 Route 73 N,Berlin,Camden,Commercial,Retail,commercial,Wolf Commercial Real Estate L.L.C.,Jason Wolf,8568576300,,,,,,,,,
21598366,1-5,active,1250000.0,233.0,4.8,40.3423938,-74.3092246,Route 9,Englishtown,Monmouth,Commercial,"Commercial, Retail",C3,The Blau & Berg Company,Scott Savastano,9733796644,,,,,,SIDHI PROPERTIES LLC,,30-00286-0000-00011,30-00286-0000-00012
7970102,1-5,active,295000.0,2033.0,1.83,40.1443922,-74.2263236,Route 9,Howell,Monmouth,Commercial,"Retail, Self-Storage, Storefront Retail/Office",HD,Century 21 Burke Realty,John Burke,7326586800,,,,,,Michael Rogers,,21-00079-0000-00060,21-00079-0000-00060
9123226,1-5,off-market,1200000.0,367.0,4.38,39.9230866,-74.163114,295 Route 9,Bayville,Ocean,Commercial,Commercial,HB,Keller Williams,Michael Little,7327979001,2021-09-03,1450000.0,,,,Zamin Investments LLC,7322012838,06-00882-0000-00037,06-00882-0000-00037
10943996,1-5,active,2950000.0,281.0,3.36,40.3438655,-74.3072506,196 Route 9 N,Marlboro,Monmouth,Commercial,Restaurant,C-50,"R.J. Brunelli & Co., LLC.",Peter Nicholson,7327215800,,,,,,Realty Llc,,30-00269-0000-00010,30-00269-0000-00010
1439677,1-5,active,1200000.0,27.0,2.67,39.871974,-74.166836,1065 N Route 9,Berkeley Township,Ocean,Commercial,"Bank, Commercial, Fast Food, Retail, Service Station",HB,Brunette Realty LLC,James Brunette,9733209520,,,,,,3v Company,,06-01612-0000-00001,06-01612-0000-00001
9397322,1-5,off-market,4900000.0,4454.0,3.8798,40.8091346,-74.0863334,S Service Rd,East Rutherford,Bergen,Commercial,"Apartment Units - Senior, Bank, Commercial, Day Care Center, Funeral Home, Health Care, Marina, MultiFamily, Office, Rehabilitation Center, Religious Facility, Restaurant, Retail, Schools, Spclty/Festvl/Entertnmnt",19:4-5.33,Evergreen Commercial Real Estate,Douglas Balduini,9733320518,,,0212_108.04_2,near,4,Philip Deleasa,9739836764,12-00108-04-00004,12-00108-04-00004
22068008,1-5,active,750000.0,64.0,2.28,39.713464,-74.9643864,301 Sicklerville rd,Sicklerville,Camden,Commercial,"Office, Restaurant, Retail",CM,Vantage Real Estate Services,Leor Hemo,8567971919,,,,,,,,,
8840964,1-5,active,1800000.0,53.0,1.69,40.0010523,-74.7469042,Smithville Rd,Eastampton,Burlington,Commercial,"Apartment Units, Mixed Use, Retail",TMC-2,Joseph R. Ridolfi & Associates,Joseph Ridolfi,6095814848,,,,,,"Richardson Commercial Realty, LLC",6095861000,,
6488149,1-5,active,,382.0,3.03,41.0395208,-74.6398993,59 Sparta Ave,Sparta,Sussex,Commercial,,TCC,"NAI James E. Hanson, Inc.",John Schilp,9732402114,2008-12-22,312000.0,,,,59 Sparta Avenue Nj Llc,,18-05019-0000-00002,18-05019-0000-00002
12302561,1-5,active,2499999.0,143.0,2.0,40.2655702,-74.460259,922 State Route 33,Monroe Township,Middlesex,Commercial,"Industrial, Warehouse",HD,KW Commercial Fort Lee,Bruce Elia,2019175884,2021-07-13,900000.0,,,,,,12-00003-0000-00011,12-00003-0000-00011
9380227,1-5,active,975000.0,53.0,1.03,40.1918796,-74.1179317,1671 State Route 34,Wall Township,Monmouth,Commercial,"Industrial, Office, Warehouse",GI-2,eXp Realty,Roxanne Bushey,8662016210,2020-08-06,500000.0,,,,COBBLESTONE REALTY PARTNERS LLC,,52-00917-01-00096,52-00917-01-00096
21661426,1-5,active,4800000.0,210.0,5.0,40.695203,-75.154265,189 Strykers Rd,Phillipsburg,Warren,Industrial,Industrial,HB,RE/MAX UNLIMITED REAL ESTATE,Glenn Fritts,6102664000,,,2115_100_6.03,near,55,TILCON NEW YORK INC,,15-00100-0000-00006-0000-Q0069,15-00100-0000-00006-0000-Q0069
21295955,1-5,active,1650000.0,341.0,4.0,39.8886832,-74.1599713,0 Tallwood Way,Berkeley Township,Ocean,Commercial,Apartment Units,R-100,Keller Williams,Michael Little,7327979001,,,,,,,,,
12896195,1-5,active,5900000.0,53.0,3.1,40.549533,-74.4033133,400 Talmadge Rd,Edison,Middlesex,Commercial,"Apartment Units, Apartment Units - Condo, Apartment Units - Dorms, Bank, Commercial, Contractor Storage Yard, Department Store, Golf Course/Driving Range, Hotel, Motel, MultiFamily, Planned Unit Development",PUD,Keller Williams Elite Realtors,Nancy Mejia,7325491998,,,,,,,,,
8177953,1-5,active,,4356.0,35.71,39.7545983,-75.2607225,Tomlin Station Rd,Mullica Hill,Gloucester,Commercial,"Commercial, Industrial, Mixed Use, Office, Retail, Warehouse",C55,"Swope Lees Commercial Real Estate, LLC",Charles Swope,6104290200,,,,,,,,,
850951,1-5,active,16000000.0,219.0,1.632507,40.7504036,-74.0594432,574-614 Tonnelle Ave,Jersey City,Hudson,Commercial,"Auto Dealership, Commercial, Hold for Development, Hold for Investment, Hospitality, Hotel, Parking Lot, Strip Center",commercial,Coldwell Banker Residential Brokerage,Wafa Jabado,2019631400,2019-06-28,700000.0,,,,Mohamed Faiad,9179134332,06-02502-0000-00001,06-03302-0000-00028
781424,1-5,active,1700000.0,94.0,2.25,40.6572616,-74.4030945,100 Union Ave,Watchung,Somerset,Commercial,"Car Wash, Day Care Center, Health Care, Medical, Office, Rehabilitation Center, Schools",B-B,The DiOrio Team at Berkshire Hathaway Commercial,James DiOrio,9739926363,2012-12-04,600000.0,,,,M & M Construction Inc,9083511177,21-07801-0000-00001,21-07801-0000-00001
22263433,1-5,active,900000.0,22.0,3.05,39.0458645,-74.8520723,1301 US 9,Cape May Court House,Cape May,Commercial,"Car Wash, Commercial",TB,Wolf Commercial Real Estate L.L.C.,Corey Hassman,8568576300,,,,,,PEACE TOKEN FISHING TACKLE LLC,,06-00919-0000-00001,06-00919-0000-00001
21834529,1-5,active,3500000.0,139.0,4.06,40.2180306,-74.6193863,1124 US Highway 130,Robbinsville,Mercer,Commercial,"Restaurant, Retail",HC,The DiOrio Team at Berkshire Hathaway Commercial,James DiOrio,9739926363,,,,,,,,12-00008-0000-00046,12-00008-0000-00046
12212584,1-5,active,500000.0,1092.0,4.37,41.1587884,-74.7844483,422 US Highway 206,Branchville,Sussex,Commercial,Commercial,CED-1,Coldwell Banker Realty,Jean Rubin,9739036777,,,1905_65_23,near,49,FIFTY JAMES LLC,,05-00180-0000-00005,05-00180-0000-00005
21506591,1-5,active,1650000.0,275.0,4.49,40.6440359,-74.8218752,1211 US Highway 22,Lebanon,Hunterdon,Commercial,,C-ROM-1,"NAI James E. Hanson, Inc.",Sig Schorr,9732402116,,,,,,,,,
21873781,1-5,active,,126.0,3.03,40.4436337,-74.3011939,1220 US Highway 9,Old Bridge,Middlesex,Commercial,"Commercial, Industrial, Retail",4A,The Blau & Berg Company,John Longo,9088031876,,,,,,,,15-05000-0000-00013,15-05000-0000-00014
9098161,1-5,off-market,4700000.0,196.0,4.27,40.1380587,-74.226571,4650 US Highway 9,Howell,Monmouth,Commercial,"Apartment Units, Bowling Alley, Day Care Center, Garden Center, General Freestanding, Health Care, Health Club, Hospitality, Hotel, Medical, Motel, MultiFamily, Office Park, R&D, Restaurant, Retail, Retail Warehouse, Self-Storage, Spclty/Festvl/Entertnmnt, Storefront, Storefront Retail/Office, Strip Center",HD,Logistic Realty LLC,William Hettler Sr.,7327388880,,,,,,Jyk Inc,,21-00078-10-00026,21-00078-10-00026
11240603,1-5,active,799000.0,568.0,1.19,40.4076739,-74.5081465,2063-2065 US Route 130,Monmouth Junction,Middlesex,Commercial,"Auto Repair, Commercial, Restaurant, Retail, Retail Warehouse, Strip Center",R-3,Davis Commercial,James Duffy,7322541600,2022-06-28,,,,,Hn Capital Group Llc,,21-00029-0000-00004-11,21-00029-0000-00004-11
10992388,1-5,active,2200000.0,24.0,3.23,40.2269,-74.60534,1186 US-130,Robbinsville,Mercer,Commercial,Commercial,RDP,"Fennelly Associates, Inc.",Gerard 'Jerry' Fennelly,6095200061,,,,,,,,12-00008-03-00009-03,12-00008-03-00009-03
22262722,1-5,active,400000.0,22.0,2.63,40.232757,-74.593727,1212 US-130,Robbinsville,Mercer,Commercial,"Industrial, Office, Retail, Self-Storage",OC-1,"Fennelly Associates, Inc.",Gerard 'Jerry' Fennelly,6095200061,,,,,,Sharbell Development Corporation,6099182400,12-00008-0000-00019,12-00008-0000-00019
12878302,1-5,active,900000.0,525.0,1.47,40.0102039,-74.9829657,2300-2302 Wallace Blvd,Cinnaminson,Burlington,Industrial,"Commercial, Industrial",Industrial,Newmark,Connor Montagano,8563342100,2024-05-29,625000.0,,,,,,08-00804-0000-00008,08-00804-0000-00008
21045035,1-5,active,,431.0,4.5,40.436447,-74.325938,555 Water Works Rd,Old Bridge,Middlesex,Commercial,,SD3,The Blau & Berg Company,John Longo,9088031876,,,1215_6303_8.12,near,63,,,15-06017-11-00008,15-06017-11-00008
7421207,1-5,active,,2093.0,3.02,39.7494343,-75.2586146,13 Wayne Ave,Mullica Hill,Gloucester,Commercial,"Industrial, Office, Retail, Warehouse",C-55,,,,,,,,,,,08-00046-02-00006,08-00046-02-00006
7421196,1-5,active,,2093.0,3.0,39.7473285,-75.2591337,17 Wayne Ave,Mullica Hill,Gloucester,Commercial,"Industrial, Office Park, Retail, Warehouse",C-55,,,,2011-07-28,405000.0,,,,"CJ's 4 Kids, LP",8564676414,08-00046-02-00004,08-00046-02-00004
7421147,1-5,active,,2093.0,3.0,39.7462738,-75.2597398,19 Wayne Ave,Mullica Hill,Gloucester,Commercial,"Industrial, Office, Retail, Warehouse",C-55,,,,,,,,,Woodland Four Llc,,08-00046-02-00003,08-00046-02-00003
7421153,1-5,active,,2093.0,3.0,39.745645,-75.2604245,21 Wayne Ave,Mullica Hill,Gloucester,Commercial,"Industrial, Office, Retail, Warehouse",C-55,,,,,,,,,,,08-00046-02-00002,08-00046-02-00002
7421132,1-5,active,,2093.0,3.0,39.7449995,-75.2610448,23 Wayne Ave,Mullica Hill,Gloucester,Commercial,"Industrial, Office, Retail, Warehouse",C-55,,,,,,,,,"Woodland Four, LLC",6106396531,08-00046-0000-00004-08,08-00046-0000-00004-08
21046057,1-5,active,495000.0,430.0,4.820937,39.4718378,-74.5674101,000 W White Horse Pike,Galloway,Atlantic,Commercial,,,Century 21 Action Plus Realty,Thomas Hogan,8002992129,,,,,,,,,
10928902,1-5,active,,2727.0,1.0,39.7157889,-74.9704373,528 Williamstown Rd,Sicklerville,Camden,Commercial,Commercial,CM,"Needleman Management Company, Inc.",Jackie Needleman,8564825959,,,,,,"Needleman Management Company, Inc.",8564825959,36-03003-0000-00012,36-03003-0000-00012
20223357,1-5,active,2000000.0,739.0,3.04,39.8791805,-75.006505,100 Woodcrest Rd,Cherry Hill,Camden,Commercial,Commercial,I-R,Vineland Construction Co.,Robert Powell,8567944795,,,,,,WOODCREST ASSOCIATES 2003 LLC,,,
760874,1-5,active,495000.0,581.0,4.3,40.024422,-74.853467,501 Woodlane Rd,Westampton,Burlington,Commercial,Commercial,"Commercial,Office","Bang Realty, Inc",Brian Brockman,5138981551,2021-08-30,,,,,,,37-00401-0000-00003,37-00401-0000-00003
9182672,1-5,active,250000.0,3005.0,1.25,40.0233767,-74.8494928,521 Woodlane Rd,Westampton,Burlington,Commercial,"Commercial, Funeral Home, Medical, Office",R1,"Tri-State Business Service, Inc",Mike Miller,6098592829,,,,,,Motamedi Taraz,,37-00401-0000-00006-02,37-00401-0000-00006-02
10224559,1-5,active,,58.0,4.6,41.0303661,-74.1693431,749 Wyckoff Ave,Mahwah,Bergen,Commercial,"Apartment Units - Senior, Health Care, Medical, Rehabilitation Center",R-40,Alexander Anderson Real Estate Group,Brendan Quinn,2012801434,,,,,,Tandem Management Company,2014897400,33-00164-01-00039,33-00164-01-00039
19111431,1-5,active,2500000.0,983.0,4.33,40.1934812,-74.664202,890-900 Yardville Hamilton Square Road,Hamilton,Mercer,Commercial,,RD,"Fennelly Associates, Inc.",Gerard 'Jerry' Fennelly,6095200061,,,1103_2607_42,near,61,,,03-02607-0000-00044,03-02607-0000-00045
16393941,1-5,active,4400000.0,65.0,2.18,40.2678587,-74.6859137,6 Youngs Rd,Hamilton Township,Mercer,Industrial,"Contractor Storage Yard, Industrial, Parking Lot",MFG,"Fennelly Associates, Inc.",Gerard 'Jerry' Fennelly,6095200061,,,,,,,,03-01509-0000-00001,03-01509-0000-00001
4663282,1-5,active,495000.0,644.0,1.0,39.9739683,-74.9095355,,Moorestown,Burlington,Commercial,"Medical, Retail",,Wolf Commercial Real Estate L.L.C.,Corey Hassman,8568576300,2005-06-01,4125000.0,,,,Edb Prop Ptnrs,,22-06800-0000-00006,22-06800-0000-00006
11422025,1-5,active,699900.0,2222.0,1.89,39.7569979,-75.3581546,Beckett Rd,Swedesboro,Gloucester,Commercial,Commercial,VIC,CHA Partners,Kobi Leifer,9734297900,,,,,,Clover Realty Group,9733037544,,
22270315,1-5,active,750000.0,17.0,2.5,39.4267987,-75.2218671,440 E Commerce St,Bridgeton,Cumberland,Commercial,,C-5,"American Properties Realty, Inc.",Greg Kanter,7322839700,,,,,,WIECHECKI FLORENCE,,01-00168-0000-00004,01-00168-0000-00005
22085342,1-5,active,500000.0,58.0,1.0,40.19077,-74.2574,194 Fort Plains Rd,Wall Township,Monmouth,Commercial,Single Family Residence,SF20,RE/MAX Central,Michael Sclafani,9084155622,,,,,,1120 FARMINGDALE ROAD LLC,,,
22017498,1-5,active,,80.0,2.1,40.7719116,-74.0607576,84 Henry St,Secaucus,Hudson,Industrial,"Commercial, Parking Lot, Truck Terminal",commercial,Cushman & Wakefield Inc,Stephen Sander,2015085246,,,,,,,,,
22087641,1-5,active,2800000.0,58.0,2.2,40.22872,-74.06377,3304 Highway 66,Tinton Falls,Monmouth,Commercial,"Auto Dealership, Auto Repair, Bank, Car Wash, Commercial, Convenience Store, Day Care Center, Department Store, Drug Store, Fast Food, Food Processing, Garden Center, General Freestanding, Health Care, Health Club, Hotel, Medical, Motel, Movie Theater, Movie/Radio/TV Studio, Office, Office Park, Outlet Center, Rehabilitation Center, Restaurant, Retail, Retail Warehouse, Self-Storage, Spclty/Festvl/Entertnmnt, Storefrnt Retail/Residntl, Storefront, Strip Center, Supermarket",C1,Weichert Realtors,Tricia Himawan,9736507838,,,,,,,,,
21973040,1-5,active,,91.0,1.2,39.982626,-74.1800259,1231 Hooper Avenue,Toms River,Ocean,Commercial,,,Southeastern Development Associates,Luke Coffey,7067225565,,,,,,,,08-00578-0000-00003-02,08-00578-0000-00003-02
21973015,1-5,active,,91.0,1.25,39.9840583,-74.1797422,1255 Hooper Avenue,Toms River,Ocean,Commercial,,,Southeastern Development Associates,Luke Coffey,7067225565,,,,,,,,,
21940975,1-5,active,16500000.0,101.0,3.57,40.1665605,-74.2951579,730 Jackson Mills Rd,Jackson,Ocean,Commercial,"Commercial, MultiFamily, Retail",NC,,,,,,,,,A A TRUCK PARTS INC,,12-00903-0000-00010,12-00903-0000-00010
21940987,1-5,active,16500000.0,101.0,3.8,40.1672932,-74.2945141,750 Jackson Mills Rd,Jackson,Ocean,Commercial,"Commercial, MultiFamily, Retail",NC,,,,,,1512_1001_63,near,80,A A TRUCK PARTS INC,,12-00903-0000-00009,12-00903-0000-00009
21791572,1-5,active,999000.0,155.0,3.160009,39.856276,-74.70513,86 New Rd,Tabernacle,Burlington,Residential,,,,,,,,0335_404_8.01,near,26,FS PROPERTIES 199,,35-00404-0000-00007,35-00404-0000-00007
21301233,1-5,active,,339.0,1.13,40.7414027,-74.1630702,1-15 Railroad Ave,Harrison,Hudson,Commercial,MultiFamily,,,,,,,,,,,,,
21981406,1-5,active,5500000.0,87.0,3.67,40.9190719,-74.058522,144-153 Route 4,Paramus,Bergen,Commercial,Commercial,BG,"McNerney & Associates, Inc.",Ryan Mcnerney,2016708558,,,,,,RALEIGH KNIFE,,46-01404-0000-00004,46-01404-0000-00004
7572224,1-5,active,549000.0,67.0,1.32,39.0115174,-74.8780444,4002 Route 9 S,Rio Grande,Cape May,Commercial,"Medical, Mixed Use, Office, Retail, Warehouse",TCTR,Compass RE,William Albrecht,6099679600,,,,,,"Nichols, Mark",6094631575,06-01523-0000-00005,06-01523-0000-00005
22140374,1-5,active,1995000.0,50.0,4.0,40.4482764,-74.496816,2095 US Highway 1,North Brunswick,Middlesex,Commercial,,TMU,Mid-State Realty,John Profaci,7322518900,,,,,,NORTH BRUNSWICK TOWNSHIP,,14-00004-41-00040,14-00004-41-00040
17215945,1-5,active,399000.0,1089.0,1.21,39.3899259,-75.0336408,415 S 2nd St,Millville,Cumberland,Commercial,"Agribusiness, Agricultural, Airplane Hangar, Airport, Amusement Park, Apartment Units, Apartment Units - Condo, Apartment Units - Dorms, Apartment Units - Senior, Apartment Units - Subsdzd, Auto Dealership, Auto Repair, Auto Salvage Facility, Bank, Bar, Baseball Field, Bowling Alley, Car Wash, Casino, Cement/Gravel Plant, Cemetery/Mausoleum, Chemical/Oil Refinery, Commercial, Community Center, Contractor Storage Yard, Convenience Store, Correctional Facility, Day Care Center, Department Store, Distribution, Drug Store, Fast Food, Food Processing, Funeral Home, Garden Center, General Freestanding, Golf Course/Driving Range, Health Care, Health Club, Hold for Development, Hold for Investment, Horse Stables, Hospital, Hospitality, Hotel, Industrial, Industrial Live/Work Unit, Industrial Park, Landfill, Lodge/Meeting Hall, Loft/Creative Space, Lumberyard, Manuftrd Hms/Mobl Hm Prk, Master Planned Community, Medical, Mixed Use, Motel, Movie Theater, Movie/Radio/TV Studio, MultiFamily, Neighborhood Center, Office, Office Park, Open Space, Outlet Center, Parking Garage, Parking Lot, Pasture/Ranch, Planned Unit Development, Police/Fire Station, Post Office, Power Center, Public Library, Public Park, Public Swimming Pool, R&D, Race Track, Radio/TV Transmn Facility, Railroad Yard, Recycling Center, Refrigeration/Cold Stor, Regional Mall, Rehabilitation Center, Religious Facility, Restaurant, Retail, Retail Warehouse, Schools, Self-Storage, Service Station, Shelter, Shipyard, Single Family Development, Single Family Residence, Spclty/Festvl/Entertnmnt, Storefrnt Retail/Residntl, Storefront, Storefront Retail/Office, Strip Center, Supermarket, Theater/Concert Hall, Timberland, Trailer/Camper Park, Truck Stop, Truck Terminal, Unknown, Utility Sub-Station, Veterinarian/Kennel, Warehouse, Water Retention Facility, Water Treatment Facility, Winery/Vineyard",I-1,Berkshire Hathaway Fox & Roach - Devon-Wayne,Jennifer DiBabbo,2676885725,,,,,,,,10-00529-0000-00001-01,10-00529-0000-00001-01
19664141,1-5,active,,836.0,4.0,39.9431776,-75.1254541,100 S 3rd St,Camden,Camden,Commercial,"Apartment Units, Mixed Use, MultiFamily, Storefrnt Retail/Residntl",R,Camden County Improvement Authority,Anthony Bianco,8562255559,,,,,,,,08-00139-02-00001,08-00139-02-00001
9757792,1-5,active,,836.0,1.052318,39.9452435,-75.1229842,23-33 N 4th St,Camden,Camden,Commercial,Commercial,CC,Camden County Improvement Authority,Anthony Bianco,8562255559,2022-03-30,1200000.0,,,,,,08-00077-0000-00021,08-00077-0000-00057
11061917,1-5,active,675000.0,2689.0,3.010009,39.4625609,-74.4969003,417 8th Ave,Galloway,Atlantic,Commercial,"Commercial, Retail, Self-Storage",CVC,Metro Commercial Real Estate Inc.,Mark Gerlach,8562223032,,,,,,Jersey Shore FCU,8883222848,11-00982-0000-00024-03,11-00982-0000-00024-03
21292220,1-5,active,,197.0,1.02,40.8612651,-74.110133,122 8th St,Passaic,Passaic,Commercial,"Commercial, Retail, Retail Warehouse",PD,JLL,Chris Hile,2015284416,,,,,,Stonemont Financial Group,4048463200,07-01024-0000-00017,07-01024-0000-00017
13869698,1-5,active,4000000.0,37.0,1.239669,39.9466006,-75.092348,25 N 23rd St,Camden,Camden,Residential,"Apartment Units - Condo, Apartment Units - Senior, Commercial, Health Care, Mixed Use, Restaurant",,Boro Diverse Construction Inc,Victor Abreu,9085258114,,,,,,"Camden's Promise Charter School, Inc.",8563651000,,
10333672,1-5,active,129000.0,2593.0,4.58,40.8596502,-74.8483513,44 US-46,Hackettstown,Warren,Commercial,"Commercial, Office",Commercial,EXIT Realty Connections,Debra Sayer,9088420011,,,,,,,,,
17976880,1-5,active,,1065.0,1.51,39.71875,-75.024322,133-35 Berlin Cross Keys Rd.,Williamstown,Gloucester,Commercial,Commercial,HC,Anchor Commercial Development,Yvonne Hu,2153278817,,,,,,,,18-00087-0000-00001,18-00087-0000-00002-12
20301251,1-5,active,,680.0,5.0,40.2514021,-74.7065918,861 Sloan ave,Hamilton,Mercer,Commercial,"Commercial, Industrial",,"Commercial Development Company, Inc.",Stephen Collins,3148352835,,,1103_1602_2.02,geo,59,,,,
19659882,1-5,active,3400000.0,883.0,2.77,40.8594725,-74.6238004,1575-1579 Sussex Turnpike,Randolph,Morris,Commercial,"Commercial, Health Club, Industrial",B-2,"H.A.L., LLC",Ron Pagano,9737692468,,,,,,,,,
5849355,1-5,active,,570.0,5.0,39.9369843,-75.0881866,2363 Admiral Wilson Blvd,Camden,Camden,Industrial,,C4,SRP Management,Steve Rubin,2159381252,,,,,,Rubin M,,08-01240-0000-00001,08-01250-0000-00129
6515590,1-5,active,485000.0,2738.0,1.24,40.1801816,-74.5089491,3 Allyson Way,Upper Freehold Township,Monmouth,Commercial,"Bank, Commercial, Community Center, Convenience Store, Medical, Office, Retail, Self-Storage, Storefrnt Retail/Residntl",Commercial,The Cox Group,Doug Walsh,6097520991,2017-12-01,199900.0,,,,PAUL EUGENE ROBT,,51-00015-0002-00006-0000-QFARM,51-00015-0002-00006-0000-QFARM
12370236,1-5,active,,1.0,1.14,40.321243,-74.4707397,337 Applegarth Rd,Monroe Township Gloucester,Middlesex,Commercial,Retail,NC,"The Kislak Company, Inc.",Matthew LoBocchiaro,9083608050,,,,,,,,12-00042-0000-00001-10,12-00042-0000-00001-10
21491032,1-5,off-market,249000.0,282.0,3.15,40.717434,-75.026794,212 Asbury Broadway rd,Asbury,Warren,Agricultural,Single Family Residence,RC,Realty One Group Next Door,Michael Del Cioppo,9087770599,,,,,,,,2105_45_21.03,2105_45_21.03
20233465,1-5,active,5500000.0,731.0,2.92,40.563703,-74.25262,W Avenue and Milos Way,Port Reading,Middlesex,Industrial,"Commercial, Industrial, Retail",Commercial,Cushman & Wakefield Inc,James Frank,2014603399,,,,,,,,,
9196992,1-5,off-market,,357.0,1.04,40.2941028,-73.9915434,263 Bath Ave,Long Branch,Monmouth,Residential,Apartment Units,R-4,,,,,,,,,Arthur & Mary Ellen Skove,,27-00159-0000-00010,27-00159-0000-00010
21678843,1-5,active,,197.0,1.6,39.6558612,-74.1883462,2500 E Bay Ave,Stafford Township,Ocean,Commercial,"Commercial, Hospitality, MultiFamily, Restaurant",MC,Gravity Real Estate,Austin Roche,9734590969,,,,,,,,31-00300-0000-00002,31-00300-0000-00002
21024841,1-5,active,999999.0,450.0,2.77,39.7580277,-74.9743078,370 Berlin - Cross Keys Rd,Sicklerville,Camden,Commercial,"Commercial, Industrial",MC,"Palm Tree Realty, LLC",Joseph Stuhltrager,6099354114,,,,,,,,,
741996,1-5,active,1750000.0,939.0,4.0,39.7253889,-75.0157582,460-470 Berlin Cross Keys Rd,Williamstown,Gloucester,Commercial,Commercial,Commercial,Colliers,Tony DiDio,8563164138,2018-10-11,,,,,,,,
5360638,1-5,active,249900.0,10.0,1.9,39.4237772,-74.5908854,6410 Black Horse Pike,Egg Harbor Township,Atlantic,Commercial,"Office, Retail, Warehouse",HB,"Long & Foster Real Estate, Inc.",Robert Pellini,6098272860,,,,,,English Way Llc,,08-01303-0000-00051,08-01303-0000-00051
19320625,1-5,active,495000.0,914.0,1.0,39.4008517,-74.562555,6715 Black Horse Pike,Egg Harbor Township,Atlantic,Commercial,Commercial,,Grace Properties,Meg Worthington,6094872400,,,,,,,,08-02302-0000-00010,08-02302-0000-00010
7956031,1-5,active,165000.0,288.0,1.06,39.7075967,-75.0105317,1420 N Black Horse Pike,Williamstown,Gloucester,Commercial,,CC,KW Commercial,Tom Duffy,8562183313,,,,,,Mcbride John T Jr,,11-00611-0000-00007,11-00611-0000-00007
21014188,1-5,active,599890.0,444.0,2.07,39.7086461,-75.0116877,1600 N Black Horse Pike,Williamstown,Gloucester,Commercial,,,KW Commercial,Tom Duffy,8562183313,,,,,,,,11-00607-0000-00005,11-00608-0000-00002
4387784,1-5,active,700000.0,93.0,2.29,39.7109948,-75.0152491,1851 N Black Horse Pike,Williamstown,Gloucester,Commercial,"Agribusiness, Bank, Commercial, Day Care Center, Office, Retail","CC, Monroe TWP",BHHS Fox & Roach- Mt. Laurel,Chris Twardy,6093042314,2021-12-08,275000.0,,,,Sonraj Llc,,11-00201-0000-00046,11-00201-0000-00046
11243530,1-5,active,,2454.0,1.7,39.6611321,-74.9624728,1840 S Blackhorse Pike,Williamstown,Gloucester,Commercial,Commercial,c,CBRE,Jeffrey Cohen,6108348000,,,,,,,,11-03901-0000-00001,11-03901-0000-00001
5876332,1-5,active,498000.0,975.0,1.67,39.805082,-75.014225,Blackwood Clementon Rd,Lindenwold,Camden,Commercial,Commercial,B-1,"Legend Properties, Inc.",Steven DePetris,8562311010,,,,,,Vcr Ventures Llc,,22-00240-0000-00048,22-00240-0000-00048
12219609,1-5,active,,1921.0,1.0,39.8035278,-75.0312159,1320 Blackwood Clementon Rd,Clementon,Camden,Commercial,Commercial,C,MSC,Scott Weiss,4849198233,,,,,,Bimbo Bakeries USA,8003551260,15-13305-0000-00003,15-13305-0000-00003
9578864,1-5,active,1200000.0,87.0,4.7,40.5076344,-74.6821035,342 S Branch Rd,Hillsborough,Somerset,Commercial,"Commercial, Day Care Center, Mixed Use, MultiFamily, Office, Restaurant, Retail, Storefrnt Retail/Residntl, Storefront Retail/Office",C1 - See documents,Coldwell Banker Commercial Realty,Ken Worden,9082956664,,,,,,,,10-00175-18-00006,10-00175-18-00006
10357829,1-5,active,690000.0,205.0,3.88,39.708733,-75.2065631,299 Bridgeton Pike,Mullica Hill,Gloucester,Commercial,Commercial,C-1,Nancy Kowalik Real Estate Group,Nancy Kowalik,8564786562,2017-09-27,310000.0,,,,Brian K Horne,,,
20275343,1-5,active,,697.0,4.35,39.7886996,-75.1761194,Block 110 Lot 3 Bridgeton Pike,MANTUA,Gloucester,Residential,"Commercial, Office, Retail, Single Family Development, Storefront Retail/Office",RES,Penzone Realty,Joe Penzone,8562273004,,,,,,,,10-00110-0000-00003,10-00110-0000-00003
11256952,1-5,off-market,,416.0,1.01,40.0377134,-74.8241327,100 Bromley Blvd,Burlington Township,Burlington,Commercial,"Commercial, Retail",B-1,MSC,Danny Wolf,2158837398,,,,,,,,06-00124-0000-00015,06-00124-0000-00015
10883983,1-5,active,190000.0,2893.0,1.1,39.8443934,-75.0045215,804-808 S Burnt Mill Rd,Voorhees,Camden,Commercial,Commercial,O1,Century 21 Reilly Realtors,Charles Maimone,8567671776,,,,,,,,34-00059-0000-00006,34-00059-0000-00006
4536757,1-5,active,1250000.0,441.0,1.4,39.9575756,-74.9838864,121 W Camden Ave,Moorestown,Burlington,Commercial,"Commercial, Retail",LTC,Vantage Real Estate Services,Leor Hemo,8567971919,2015-11-04,137000.0,,,,Mnop Inc,2153697700,22-01100-0000-00016,22-01102-0000-00044
19273804,1-5,active,4500000.0,772.0,1.02,38.9877231,-74.8109443,321 E Cedar Ave,Wildwood,Cape May,Commercial,"Apartment Units - Condo, Commercial, Hospitality, Hotel, MultiFamily, Retail, Storefrnt Retail/Residntl",BRZ,Binswanger,Jason Ostach,2154486021,,,,,,,,14-00187-0000-00001-021,14-00187-0000-00001-021
10415504,1-5,active,75000.0,2552.0,1.5,40.86418,-74.90382,52 Cemetery Rd,Great Meadows,Warren,Residential,"MultiFamily, Single Family Residence",Residential,,,,,,,,,Anton Company,,12-00023-0000-00003-18,12-00023-0000-00003-18
10953378,1-5,active,,242.0,2.3,40.3259379,-74.5768731,Center Dr,Plainsboro,Middlesex,Commercial,,PCD,JLL,Thomas Romano,6096581589,,,,,,206 Woodside Llc,,18-03301-0000-00019,18-03301-0000-00020
1320824,1-5,active,,7483.0,1.5,40.7539975,-74.2374496,683-697 S Center St,Orange,Essex,Residential,"Apartment Units - Condo, MultiFamily",Residential,Lisa Bosworth,Lisa Bosworth,5413794052,,,,,,Hart & Sons Inc.,,17-06602-0000-00035,17-06602-0000-00036
12641025,1-5,active,,1215.0,1.560009,39.778419,-75.3831813,2337 Center Square Rd,Logan Township,Gloucester,Industrial,"Contractor Storage Yard, Industrial",LI,Lee & Associates of Eastern Pennsylvania LLC,James Franchetti,6103351092,2022-06-27,1170000.0,,,,The Criterion Group,7182040300,09-03104-0000-00008,09-03104-0000-00008
21072491,1-5,active,4995000.0,413.0,1.7,40.9040945,-73.9796531,206 Central Ave,Englewood,Bergen,Residential,MultiFamily,"R-E, AHO 2/3",Keller Williams City Views Realty,Juanita Harris,2016101010,,,,,,,,15-00507-0000-00024-01,15-00507-0000-00024-01
7627207,1-5,active,599000.0,1677.0,3.5,39.4657674,-74.5435618,446 Chris Gaupp Dr,Galloway,Atlantic,Residential,Apartment Units - Dorms,PO,"Levin Commercial Real Estate, LLC","Joshua Levin, CCIM",6093445200,,,,,,T & H Builders,7323493388,11-00761-0000-00004,11-00761-0000-00004
10979705,1-5,active,1999000.0,360.0,4.54,40.01713,-74.14836,2430-2438 Church Rd,Toms River,Ocean,Commercial,Hotel,HB,Berkshire Hathaway HomeServices Fox & Roach,Thomas Coan,7324493200,2019-10-10,,,,,Lkknj Llc,,08-00192-05-00048,08-00192-05-00048
11618259,1-5,active,799000.0,2012.0,1.1,40.13517,-74.22598,2 Clayton Rd,Howell,Monmouth,Commercial,Office,HD1,One Real Estate,Chaya Klein,7326639898,,,,,,,,,
11063370,1-5,active,1250000.0,2688.0,4.2,39.830502,-75.106107,1535 Clements Bridge Rd,Deptford,Gloucester,Commercial,"Commercial, Retail",C,"Zommick McMahon Commercial Real Estate, Inc.",Ryan McMahon,6103591100,,,,,,,,02-00199-02-00001,02-00199-02-00003
21609772,1-5,active,1000000.0,227.0,1.66,40.6293684,-74.3932754,000 Coolidge St S,Plainfield,Union,Industrial,,HI,Lee & Associates Commercial Real Estate Services,Claudia Ganas,9733371144,,,,,,,,,
19664130,1-5,active,,836.0,1.232692,39.9475115,-75.1254324,100 Cooper St,Camden,Camden,Residential,,CC,Camden County Improvement Authority,Anthony Bianco,8562255559,,,,,,Camden County Improvement Authority,8567512242,08-00072-0000-00001,08-00072-0000-00009
8120213,1-5,active,179900.0,395.0,1.48,40.5148835,-74.8631917,12 Corcoran St,Flemington,Hunterdon,Commercial,"Commercial, Office, Self-Storage",TC,Coldwell Banker Commercial Realty,Robert Schrieber,9087826850,,,,,,Sextant Group Llc,,09-00013-0000-00029,09-00013-0000-00029
11189036,1-5,active,299000.0,2528.0,2.0,40.7240732,-74.8466529,428 County Road 513,Califon,Hunterdon,Commercial,"General Freestanding, Medical, Office, Retail, Storefront, Storefront Retail/Office",HB,Coldwell Banker Commercial Realty,Bruce Morrow,9087358080,,,,,,,,,
21347632,1-5,off-market,1100000.0,333.0,1.74,41.1977467,-74.4843249,539 County Road 515,Vernon,Sussex,Commercial,,TC,Berkshire Hathaway Gross & Jansen Realtors,Kevin Colman,9739036842,,,,,,MAIN STREET ASSOCIATES INC,,,
8847669,1-5,active,3000000.0,766.0,5.0,40.4013761,-74.4271673,690 Cranbury-south River Rd,East Brunswick,Middlesex,Commercial,,R1,Davis Commercial,Brian Walsh,7322541600,,,,,,,,04-00321-0000-00006-03,04-00321-0000-00006-03
21209342,1-5,active,,364.0,1.354454,40.074526,-74.2496051,880 Cross St,Lakewood,Ocean,Commercial,Office,R40,One Real Estate,Chaya Klein,7326639898,,,,,,,,15-00499-0000-00001,15-00499-0000-00001
19316193,1-5,active,,338.0,1.62,39.7176078,-75.0291931,110 Cross Keys Byp,Sewell,Gloucester,Commercial,,HC,CBRE,James Creed,4845672801,2024-01-12,148000.0,,,,,,18-00087-01-00002-16,18-00087-01-00002-16
21228914,1-5,active,325000.0,360.0,2.0,39.7700808,-74.9655869,277 Cross Keys Rd,Pine Hill,Camden,Commercial,"Apartment Units, Commercial, Convenience Store, Fast Food, Retail",MDR,Century 21 Reilly Realtors,Charles Maimone,8567671776,,,,,,,,,
11295926,1-5,off-market,,2381.0,3.1,39.7594323,-74.9794952,389 Cross Keys Rd,Sicklerville,Camden,Commercial,"Fast Food, Restaurant, Retail",,RE/MAX Preferred Commercial Division,Bryant Lafferty,8562915880,,,0415_17902_13,pin,68,,,15-17902-0000-00013,15-17902-0000-00013
5752663,1-5,off-market,595000.0,395.0,1.53999,39.844496,-75.188192,439 Crown Point Rd,Thorofare,Gloucester,Commercial,Retail,C,Century 21 Alliance,William McKeever,6099222077,2026-05-13,576053.0,,,,Ncpg433crownipoint Llc,,20-00252-0000-00010-03,20-00252-0000-00010-03
19664234,1-5,active,,836.0,2.09,39.9487011,-75.1272183,268 Delaware St,Camden,Camden,Residential,"Apartment Units - Condo, MultiFamily",US,Camden County Improvement Authority,Anthony Bianco,8562255559,,,,,,City Of Cameden Parking Aithorita,,08-00063-0000-00078,08-00063-0000-00078
8252209,1-5,active,,1097.0,4.34,39.431176,-74.577557,6503 Delilah Rd,Egg Harbor Township,Atlantic,Commercial,"Commercial, Retail",GC,Metro Commercial Real Estate Inc.,David Judd,8562223037,,,,,,,,08-00310-0000-00001-02,08-00310-0000-00001-02
13975495,1-5,active,575000.0,354.0,1.0,39.66758,-75.09377,871 Delsea,Clayton,Gloucester,Commercial,,HB-1,Grace Properties,Meg Worthington,6094872400,,,,,,,,01-01601-0000-00005,01-01601-0000-00005
7982510,1-5,active,225000.0,219.0,1.5,39.6399109,-75.0864251,3052 Delsea Dr,Franklinville,Gloucester,Commercial,,RA,Romano Realty,Maddie Bennett,8564344050,,,,,,Corda Stephen G & Alspach James B,8568750116,05-02201-0000-00072,05-02201-0000-00072
15781239,1-5,active,1500000.0,1130.0,3.5,39.726694,-75.1166601,1299 Delsea Dr N,Glassboro,Gloucester,Commercial,Commercial,C-5/R-1,Soloff Realty & Development,David Dunkelman,6108340400,,,,,,,,06-00407-0000-00002,06-00407-0000-00002
10290916,1-5,active,,1757.0,2.0,39.8576744,-75.1303831,1000 N Delsea Dr,Westville,Gloucester,Commercial,Commercial,,Zimmer Commercial Real Estate,Gerald Zimmer,6093324862,,,,,,"Frz Commercial Real Estate, LLC",,02-00003-0000-00001,02-00003-0000-00001-0000-C0803
12376862,1-5,active,165000.0,1757.0,3.5,39.5080593,-75.0396812,1489 N Delsea Dr,Vineland,Cumberland,Commercial,Commercial,,Zimmer Commercial Real Estate,Gerald Zimmer,6093324862,,,,,,Michael M Rossi  III,8563581008,14-01601-0000-00099,14-01601-0000-00099
8177645,1-5,active,995000.0,2887.0,6.47,39.4580967,-75.0440632,1940-1984 S Delsea Dr,Vineland,Cumberland,Commercial,"Auto Dealership, Auto Repair, Car Wash, Commercial, Fast Food, General Freestanding, Hotel, Motel, Restaurant, Retail, Self-Storage, Service Station, Storefront, Supermarket",B-3,RE/MAX Preferred Commercial Division,Bryant Lafferty,8562915880,,,,,,Garden State Land Co Llc,,,
19751682,1-5,active,4500000.0,822.0,1.05,39.9422329,-75.1226558,404-426 Dr. Martin Luther King Blvd,Camden,Camden,Commercial,,CC,CBRE,Jon Sarkisian,8563599408,,,,,,,,,
20820900,1-5,active,850000.0,618.0,2.31,40.0395413,-74.1106339,345 Drum Point Rd,Brick,Ocean,Commercial,Industrial,commercial,Crossroads Realty Inc.,George Shenewolf,7322444900,,,,,,,,07-00321-0002-00019,07-00321-0002-00019
8296062,1-5,active,,5307.0,2.69,40.2689377,-74.5402227,190 Dutch Neck Rd,East Windsor,Mercer,Commercial,"Commercial, Retail",HC,The Provco Group,Rob Shirley,6105200384,,,,,,Enrico Partners L P,,01-00056-0000-00002,01-00056-0000-00002
21821498,1-5,active,,144.0,1.0,39.935745,-75.083245,3600 Earl Ave,Pennsauken,Camden,Commercial,"Apartment Units, Auto Dealership, Commercial, Contractor Storage Yard, Mixed Use, MultiFamily, Parking Lot, Single Family Development, Single Family Residence",Commercial,eXp Realty,Carleton Badger,6094215594,,,,,,,,,
7514121,1-5,active,99500.0,1101.0,2.18,39.4029871,-74.6295633,5022 English Creek Ave,Egg Harbor Township,Atlantic,Commercial,"Medical, Office",PO-1,Foresite Commercial Realty,Samantha Zerafa Roessler,6096461919,,,,,,Rugby Realty Llc,,08-03302-0000-00033,08-03302-0000-00033
25902,1-5,off-market,1000000.0,10550.0,21.48,39.4565,-74.59259,English Creek Avenue and High School Drive Ave,Egg Harbor Township,Atlantic,Commercial,"Medical, Restaurant, Retail",Neighborhood Business,"Levin Commercial Real Estate, LLC","Joshua Levin, CCIM",6093445200,,,0108_3302_11,pin,96,Levin Emanuel L & Roberta T,6093445200,08-03302-0000-00011,08-03302-0000-00011
12358888,1-5,active,999999.0,1774.0,3.6,40.4632433,-74.2758687,1200 Ernston Rd,South Amboy,Middlesex,Commercial,"Bar, Day Care Center, Office, Restaurant, Water Retention Facility, Water Treatment Facility",MW,Better Homes and Gardens Real Estate-Elite,Moshe Wigder,9172444673,,,,,,Maimonides Biblical Foundation Inc,,19-00454-0000-00003,19-00454-0000-00003
10209021,1-5,active,1900000.0,158.0,3.79,39.8724399,-74.9336437,850 Evesham Rd,Cherry Hill,Camden,Commercial,Hold for Development,IN,Vantage Real Estate Services,Leor Hemo,8567971919,2018-12-19,1459250.0,,,,Camden County Board of Commissioners,8662263362,09-00519-11-00002,09-00519-11-00002
12319032,1-5,active,175000.0,1818.0,1.0,39.797894,-75.117405,795 Fox Run Rd,Sewell,Gloucester,Commercial,"Commercial, Mixed Use",R,Stephen Scherfel Realty,Stephen Scherfel,8568454744,,,,,,,,,
13874732,1-5,active,,1282.0,2.3,40.0739163,-74.2491269,0 Franklin Blvd,Lakewood,Ocean,Commercial,Office,,One Real Estate,Chaya Klein,7326639898,,,,,,,,,
9940124,1-5,active,,64.0,1.3,39.7799277,-75.1410056,1751 Glassboro Rd,Sewell,Gloucester,Commercial,Commercial,R40,"Weichert, Realtors® - Mullica Hill",Mark Honabach,6092216629,,,,,,State Of New Jersey Dept Of En,,02-00400-0000-00003,02-00400-0000-00003
9937176,1-5,active,,949.0,1.62,40.9795323,-74.1426709,299 Goffle Rd,Ridgewood,Bergen,Residential,"Apartment Units - Condo, Community Center, Day Care Center, Health Care, MultiFamily, Rehabilitation Center, Religious Facility, Unknown",Currently R2,"The Jersey City Realty Exchange, Inc.",Ed Boscarino,2013886356,,,,,,"The Jersey City Realty Exchange, Inc.",2013868000,51-02507-0000-00017-01,51-02507-0000-00017-01
7594291,1-5,active,700000.0,379.0,1.34,40.2045788,-74.6242657,119 N Gold Dr,Robbinsville,Mercer,Commercial,Industrial,OW,CBRE,Evan Filion,7325092828,2020-10-22,225000.0,,,,Sr Packaging North America Inc,,12-00029-0000-00001-10,12-00029-0000-00001-10
21681821,1-5,active,1400000.0,196.0,1.5,39.69482,-74.26308,87 Grassy Hollow Rd,Stafford Township,Ocean,Commercial,"Car Wash, Funeral Home, Medical, Mixed Use, Neighborhood Center, Schools, Veterinarian/Kennel",LB,Berkshire Hathaway HomeServices Zack Shore Realtor,Brian MacFarlane,6095976464,,,,,,GIBERSON THOMAS EVERETT,,31-00121-0000-00010,31-00121-0000-00010
7316280,1-5,active,,184.0,2.1,39.4045299,-74.5461818,Gravesmith Dr,Egg Harbor Township,Atlantic,Industrial,Industrial,LI,Schoffer Enterprises,Kathleen Boyle,6096411199,,,,,,Chavis Marie,,08-01046-0000-00014,08-01046-0000-00014
20277588,1-5,active,595000.0,696.0,1.0,39.645437,-74.34039,1471 N Green St,Little Egg Harbor Twp,Ocean,Industrial,,GBSG,"Zimmel Associates, Inc.",Jordan Zimmel,7326619200,,,,,,,,,
22080900,1-5,active,369000.0,59.0,2.61,39.565494,-75.3649344,65 N Greenwich St,Salem,Salem,Commercial,"Commercial, Industrial Live/Work Unit, Office, Single Family Residence",RR,Vantage Real Estate Services,Leor Hemo,8567971919,,,,,,,,01-00019-0000-00022,01-00019-0000-00023
10018876,1-5,active,1500000.0,1403.0,1.65,39.9668939,-74.6835635,32 E Hampton St,Pemberton,Burlington,Commercial,"Bank, Drug Store, Fast Food, Medical, Retail",HC,"Legend Properties, Inc.",Steven DePetris,8562311010,,,,,,Arlene C Smith,6098779219,28-00306-01-00001,28-00306-01-00002
18468618,1-5,active,950000.0,1053.0,3.16,41.0926567,-74.7325617,137 Hampton House,Newton,Sussex,Commercial,,commercial,Weichert Realtors,Mary Smith,9739032805,,,,,,,,,
12996298,1-5,off-market,,1404.0,1.15,39.8628131,-75.1026287,204-208 Harding Ave,Bellmawr,Camden,Commercial,,,Lee & Associates of Eastern Pennsylvania LLC,"Tony Rod, SIOR",6104000486,,,,,,,,04-00060-0000-00003,04-00060-0000-00004
8783805,1-5,active,450000.0,1086.0,1.54,39.553992,-74.998815,1425 Harding Hwy,Newfield,Gloucester,Commercial,"Commercial, Office, Restaurant, Retail, Storefront",HC,"Legend Properties, Inc.",Steven DePetris,8562311010,,,,,,Coastal Mart Inc,,05-07203-0000-00021,05-07203-0000-00021
21647821,1-5,active,144500.0,218.0,4.5,39.556293,-75.007864,1681-1695 Harding Hwy,Newfield,Gloucester,Commercial,"Commercial, Office, Retail",HC,Berkshire Fox & Roach Realtors - Northfield,Richard Baehrle,6096410011,,,,,,,,,
21248787,1-5,active,,358.0,4.5,39.6863977,-75.4863888,306 Hawks Bridge rd,Penns Grove,Salem,Commercial,"Commercial, General Freestanding, Hospitality, Retail",,Spiceland Venture LLC,Raj Pasricha,9084945145,,,,,,,,,
9892123,1-5,active,250000.0,375.0,4.85,39.685683,-75.486152,308 Hawks Bridge Rd,Carneys Point,Salem,Commercial,"Apartment Units, Auto Repair, Car Wash, Commercial, Convenience Store, Fast Food, Hotel, Office, Parking Garage, Parking Lot, Restaurant, Retail, Retail Warehouse, Schools, Service Station, Storefrnt Retail/Residntl, Strip Center, Truck Stop, Truck Terminal, Warehouse",HC,Century 21 Rauh & Johns,Peter Sideris,8565820366,,,,,,Hawks Bridge Llc,,02-00195-0000-00004-01,02-00195-0000-00004-01
21516957,1-5,off-market,2000000.0,270.0,1.3,40.133172,-74.089397,2337 Highway 34,Manasquan,Monmouth,Residential,Apartment Units - Condo,AHR-7,Real Broker LLC,Paul Cook,8556536723,,,,,,PAVAN INC,,52-00831-0000-00030,52-00831-0000-00030
21804495,1-5,active,330000.0,151.0,2.16,40.389081,-74.149686,226 Holland Rd,Holmdel,Monmouth,Residential,"Single Family Development, Single Family Residence",residential,PRE Commercial,Jason Marzano,9736905663,,,,,,,,,
22288017,1-5,active,65000.0,11.0,4.86,39.4783466,-74.6425381,Holly Street,Mays Landing,Atlantic,Residential,,RD-5,eXp Realty,Carlo Drogo,8662016210,,,,,,,,12-01090-0000-00014,12-01090-0000-00014
13972659,1-5,active,,45.0,2.24,39.9749779,-74.1827575,1131 Hooper Ave,Toms River,Ocean,Commercial,"Auto Repair, Bank, Commercial, Fast Food, Medical, Retail",RC,"R.J. Brunelli & Co., LLC.",Peter Nicholson,7327215800,,,1508_601_1,geo,80,,,,
21967892,1-5,active,,92.0,3.53,40.2764778,-74.0750196,760 Hope Rd,Tinton Falls,Monmouth,Commercial,,,KBC Advisors,Blair O'Connor,7323514519,,,,,,,,49-00115-0000-00012-07,49-00115-0000-00012-07
6301118,1-5,active,3170000.0,353.0,1.165794,41.0715734,-74.6565175,308 Houses Corner Rd,Sparta,Sussex,Commercial,"Commercial, Industrial, Office",ED,,,,,,,,,,,18-12009-0000-00011,18-12009-0000-00012
10143854,1-5,active,,3553.0,4.02,39.7994728,-75.096199,1637 Hurffville Rd,Sewell,Gloucester,Commercial,"Bank, Bar, Commercial, Day Care Center, Department Store, General Freestanding, Hospitality, Hotel, Office, Restaurant, Retail, Schools",TC2,Winig Properties,Jason Winig,2156273700,,,,,,,,02-00386-01-00007,02-00386-01-00007
21665178,1-5,active,,206.0,2.63,39.7281265,-75.0575696,348 Hurffville - Cross Keys Rd,Sewell,Gloucester,Commercial,"Office, Restaurant, Retail",NC,CBRE,Jay Miller,6108348000,,,,,,Leonard Schroeder,8565825463,18-00085-33-00015-04,18-00085-33-00015-04
923558,1-5,active,995000.0,260.0,1.66,40.0058733,-74.9830562,1701 Industrial Hwy,Cinnaminson,Burlington,Commercial,Office,,"Weichert Commercial Brokerage, Inc.",Wayne Zdanowicz,7324940778,,,,,,SUTRAK Corporation,3032872700,08-00806-0000-00002,08-00806-0000-00002
6974398,1-5,active,1000000.0,329.0,1.0,40.0041221,-74.9825286,1705 Industrial Hwy,Cinnaminson,Burlington,Commercial,Strip Center,BD,"Metro Commercial Real Estate, Inc.",Jonathan Spoerl,2152820157,,,,,,Specialized Indus Assoc Inc,,08-00806-0000-00001,08-00806-0000-00001
11559597,1-5,active,949000.0,1324.0,38.0,40.27011,-74.40055,45 Iron Ore Rd,Manalapan Township,Monmouth,Commercial,Commercial,4A-G4,Keller Williams Realty Central Monmouth,Janine DelTufo,9086929407,,,,,,,,,
6095618,1-5,active,99900.0,2145.0,4.28,39.7869372,-74.9159931,Jackson Rd,Berlin,Camden,Industrial,"Commercial, Hold for Development, Hold for Investment, Industrial","I-2, I-3",Century 21 Reilly Realtors,Charles Maimone,8567671776,,,,,,Owens-corning Fiberglas,,05-01502-0000-00012,05-01502-0000-00012
21843778,1-5,active,355000.0,135.0,2.0,40.3756757,-74.25322,Jasmine Blvd. & Tennent Road,Morganville,Monmouth,Commercial,"Apartment Units, Apartment Units - Condo, Apartment Units - Senior, Apartment Units - Subsdzd",MFD2,Hercules General Contractors,Isaak Natenzon,7327334533,,,,,,Richard Vanpelt,,30-00148-0000-00031-01,30-00148-0000-00031-01
7083992,1-5,active,399000.0,275.0,3.98,39.4715404,-74.511967,124 E Jimmie Leeds Rd,Galloway,Atlantic,Commercial,"Office, Retail, Storefront, Storefront Retail/Office",PRO,Foresite Commercial Realty,Samantha Zerafa Roessler,6096461919,,,,,,Gentleman's Choice,8559270390,11-00979-0000-00014-03,11-00979-0000-00014-07
19832657,1-5,active,,780.0,1.0,39.89301,-75.016817,300 Kresson Rd,Cherry Hill,Camden,Commercial,"Bank, Fast Food, Restaurant, Retail",,"Metro Commercial Real Estate, Inc.",Joseph Dougherty,6102602670,,,,,,BRACE KRESSON PARTNERS LLC,,09-00409-01-00001,09-00409-01-00001
18638478,1-5,active,5500000.0,1039.0,2.05,40.761233,-74.250047,619 Langdon St,Orange,Essex,Commercial,,,Appian Way,Robert La Banca,9736780313,,,,,,The Appian Way,,17-06107-0000-00004,17-06107-0000-00004
5533669,1-5,active,,7057.0,2.5,39.8461327,-74.9804427,Laurel Oak Rd,Voorhees,Camden,Commercial,"Hotel, MultiFamily, Office",Commercial,Posel Management,Mark Graefe,2156270900,,,,,,Camden County Improvement Auth,,,
11041289,1-5,active,,414.0,1.0,40.9109646,-74.1123096,26-54 Leliarts Ln,Elmwood Park,Bergen,Commercial,"Industrial, Parking Lot",I-R,,,,,,,,,"La Place, L J & M",2017964850,11-00804-0000-00003,11-00804-0000-00003
9039997,1-5,active,,135.0,1.69,39.8016221,-75.0423415,1108 Little Gloucester Rd,Blackwood,Camden,Residential,"Medical, Office",,MSC,Danny Wolf,2158837398,,,,,,Choice One Development-Blackwo,,15-12204-0000-00038,15-12204-0000-00038
11468612,1-5,active,335000.0,2177.0,1.18,39.8235856,-75.2393602,Lodge,Paulsboro,Gloucester,Commercial,Commercial,Commercial,"Warner Real Estate & Auction Co, Inc.",Richard Warner,8567694111,,,,,,"Dejesus, Kenneth",8564665775,14-00132-0000-00007,14-00132-0000-00007
20869584,1-5,off-market,1250000.0,574.0,4.0,39.8229833,-75.2409416,L8 Lodge Ave,Paulsboro,Gloucester,Commercial,,I-P/IR,"Warner Real Estate & Auction Co, Inc.",Richard Warner,8567694111,,,,,,,,,
4292868,1-5,off-market,3500000.0,2914.0,4.8,40.421772,-74.2248229,32 Main St,Matawan,Monmouth,Residential,"Hold for Development, MultiFamily",R1D,Coldwell Banker Real Estate,Nancy Masuelli,7324624242,2000-01-28,250000.0,,,,Jayant Patel,,31-00002-0000-00002,31-00003-0000-00001
21073520,1-5,off-market,700000.0,410.0,1.1,40.2794215,-74.333264,400 Main St,Manalapan Township,Monmouth,Commercial,Commercial,C-50,Weichert Realtors,John Horvath,7325251550,,,,,,,,28-00026-0000-00008,28-00026-0000-00008
676628,1-5,active,,10.0,1.61,39.8463365,-74.1870341,232 N Main St,Forked River,Ocean,Commercial,Retail,Retail,JLL,David Townes,9738294800,,,,,,Agree Realty Corporation,2487374190,13-00314-0000-00038,13-00314-0000-00038
21927074,1-5,active,949000.0,53.0,1.94,39.70299,-74.25483,295 N Main St,Stafford Township,Ocean,Commercial,"Bank, Day Care Center, Drug Store, Funeral Home, Office, Religious Facility, Restaurant, Retail, Storefrnt Retail/Residntl, Storefront Retail/Office, Strip Center, Veterinarian/Kennel",NC,eXp Realty,Lisa Lopez,6099789009,,,,,,Oliphant Larry A,6095977472,31-00242-0000-00004,31-00242-0000-00004
20867293,1-5,active,,578.0,1.0,39.9492366,-74.2013515,1 S Main St,Toms River,Ocean,Commercial,,MU,Kassin Sabbagh Realty (KSR),Jack Zalta,3472569281,,,,,,1 RIVER PLACE LLC,,30-00001-0000-00005,30-00001-0000-00005
21369192,1-5,active,,324.0,4.92,40.6328644,-74.9134138,19 W Main St,Clinton,Hunterdon,Commercial,Retail,C-2,Bussel Realty,Steve Jaynes,9082553141,,,,,,CDP CLINTON LLC,,05-00025-0000-00020,05-00025-0000-00020
21139481,1-5,active,,385.0,1.262626,40.7528898,-74.0374117,300 Manhattan ave,Union City,Hudson,Commercial,,commerical,"Michael Cervelli Real Estate, LLC",Christopher Cervelli,2018686300,,,,,,,,,
18907893,1-5,off-market,499000.0,1001.0,2.67,40.051178,-74.1304572,0 Mantoloking Road,Brick,Ocean,Commercial,Commercial,B-2,Crossroads Realty Inc.,Mark Kotzas,7322444900,,,,,,,,07-00551-0000-00002,07-00551-0000-00002
11422764,1-5,active,750000.0,1688.0,1.15,39.9879875,-74.8075318,700 Marne Hwy,Hainesport,Burlington,Commercial,"Auto Dealership, Auto Repair, Bank, Bar, Car Wash, Drug Store, Garden Center, Hospitality, Hotel, Industrial, Medical, Mixed Use, Restaurant, Retail, Retail Warehouse, Self-Storage, Storefront Retail/Office",C,Rohrer & Vail Real Estate,Jeffrey Bisk,8568588800,,,,,,CAPRI ASSOCIATES LLC,,16-00024-0000-00011,16-00024-0000-00011
12892453,1-5,off-market,550000.0,1415.0,1.66,39.9800957,-74.8602036,2909 Marne Hwy,Mount Laurel,Burlington,Commercial,,NC,Vantage Real Estate Services,Leor Hemo,8567971919,,,,,,,,,
20886627,1-5,active,,556.0,3.2,40.49004,-74.382338,381 Meadow Rd,Edison,Middlesex,Commercial,,Industrial,RE/MAX First Realty,Ken Mueller,7322573500,,,,,,,,,
7596114,1-5,active,940000.0,695.0,2.13,40.4481355,-74.5583955,795 S Middlebush Rd,Franklin Park,Somerset,Commercial,"Commercial, Day Care Center, Medical",A,BHHS Fox & Roach,Nicolas DiMeglio,6099241600,,,,,,Panna Enterprises Llc,,,
21898334,1-5,active,39900.0,116.0,2.73,40.741318,-75.060944,120 Millbrook Rd,Washington,Warren,Residential,Single Family Residence,RC,Realty One Group Next Door,Michael Del Cioppo,9087770599,,,,,,,,,
7206870,1-5,active,599000.0,1262.0,1.0,40.5825024,-74.6766438,Milltown Rd,Bridgewater,Somerset,Commercial,"Commercial, Office",C-3,"Silbert Realty & Management Co., Inc.",Nick Maciejewski,9086046900,,,,,,,,06-00165-0000-00001,06-00165-0000-00001
7304762,1-5,off-market,,841.0,3.0,40.128148,-74.46985,701-709 Monmouth Rd,Plumsted Township,Ocean,Industrial,"Auto Repair, Commercial, Industrial, Parking Lot",C3,Bussel Realty,Eric Koons,7322873777,2021-07-22,,,,,Tpi Nj Llc,,24-00054-0000-00015,24-00054-0000-00015
26030,1-5,active,500000.0,136.0,2.77,39.9588552,-74.9919962,26 Morris Ave,Maple Shade Township,Burlington,Commercial,"Bank, Office, Retail",,Keller Williams Realty,Michael Carr,8564416800,,,,,,Artzi Morris & Zippi Lander El,,19-00084-01-00001,19-00084-01-00001
5836119,1-5,active,1000000.0,700.0,1.03,39.9109341,-75.0989791,2701 Mount Ephraim Ave,Camden,Camden,Commercial,Retail,C3,"J.C. BAR Properties, Inc.",Greg Jones,6102346491,2008-02-20,620000.0,,,,Popeyes,7323186269,,
12735374,1-5,active,1200000.0,366.0,4.5,40.052148,-74.843369,1900 Mount Holly Rd,Burlngtn Twp,Burlington,Commercial,Office,R12,NAI Mertz,Joseph Riggs,6093521162,2022-07-29,715000.0,0306_114.02_14.01,near,80,Benjamin Banneker Preparatory Charter Sc,,,
10361250,1-5,active,1700000.0,1817.0,3.59,40.3283237,-74.360766,381 Mounts Mills Rd,Monroe Township,Middlesex,Commercial,"Auto Dealership, Auto Repair, Bank, Commercial, Convenience Store, General Freestanding, Office, Restaurant, Retail, Self-Storage, Service Station, Storefront Retail/Office",flex,Mid-State Realty,John Profaci,7322518900,,,,,,,,,
11247073,1-5,active,3500000.0,1752.0,4.42,40.912593,-74.547665,466 Mt Hope Ave,Rockaway,Morris,Commercial,,,RIPCO Real Estate,Florian Suserman,2017772301,,,,,,,,,
9176872,1-5,active,80000.0,378.0,1.73,39.8630305,-74.2087741,9 Municipal Ln,Forked River,Ocean,Residential,"Apartment Units, Apartment Units - Condo, Apartment Units - Senior, Bank, Community Center, Contractor Storage Yard, Day Care Center, Health Care, Hospital, Medical, Office, Office Park, Parking Lot, Single Family Residence, Storefrnt Retail/Residntl, Storefront Retail/Office",R-O,Park Slope Property Management,George DiRaimondo,7183732244,,,,,,Atlantic Bulk Carriers,3023786300,,
20246958,1-5,active,,414.0,3.63,39.3763002,-74.4515123,1825 Murray Ave,Atlantic City,Atlantic,Commercial,,,Subcarrier Communications Inc,Lucrecia Escalante,7326072828,,,0102_838_20,near,68,Subcarrier Communications,7326072828,02-00720-0000-00001,02-00720-0000-00004
21059710,1-5,off-market,2800000.0,420.0,2.7,40.5404954,-74.3867746,779 New Durham Rd,Edison,Middlesex,Commercial,Office,LI,Sitar Company,Douglas Sitar,7326232135,,,,,,,,,
11570021,1-5,active,150000.0,218.0,2.45,39.456129,-74.470655,319 S New York Rd,Galloway,Atlantic,Commercial,Commercial,NR,Berkshire Fox & Roach Realtors - Northfield,Richard Baehrle,6096410011,,,,,,Edwin Jacobs Jr,6096523687,11-01167-01-00044,11-01167-01-00044
17939939,1-5,active,,127.0,2.2,40.4510093,-74.3976058,366 NJ-18,East Brunswick,Middlesex,Commercial,,HC2,RIPCO Real Estate,Jeffrey Albanese,7323652119,,,,,,Staro Associates LLC,,04-00055-03-00001,04-00055-03-00001
11223133,1-5,off-market,1200000.0,2481.0,3.1,40.592973,-74.659879,351 Nj-28,Bridgewater,Somerset,Commercial,,C-3,Deluccia Commercial Group/Berkshire Hathaway Fox &,Timothy Deluccia,7329072901,,,,,,,,,
21023630,1-5,active,1400000.0,291.0,3.27,39.936578,-75.064699,5211 NJ-38,Pennsauken,Camden,Commercial,"Commercial, Mixed Use",99,Anchor Commercial Development,Yvonne Hu,2153278817,,,,,,MEGA PALACE INVESTMENT LP,,27-06001-0000-00073-04,27-06001-0000-00073-04
11173049,1-5,active,35000000.0,273.0,25.0,40.2270091,-74.077337,3501 Nj-66,Neptune,Monmouth,Commercial,"Industrial, Retail",C-3,Newmark,Todd Ward,2014605161,,,1335_3601_5,near,49,Ac I Neptune Llc,,35-03903-0000-00012,35-03903-0000-00012
11243455,1-5,active,,2454.0,1.21,39.46681,-75.208898,1130 NJ-77,Bridgeton,Cumberland,Commercial,Retail,,CBRE,Jeffrey Cohen,6108348000,,,,,,,,,
8800413,1-5,active,695000.0,526.0,3.96,39.6116931,-74.3383352,North Green St,Tuckerton,Ocean,Commercial,"Apartment Units - Condo, Apartment Units - Senior, Bank, Commercial, Day Care Center, Health Care, Hospitality, Hotel, Industrial, Medical, Mixed Use, Office Park, Open Space, Planned Unit Development, Religious Facility, Restaurant, Retail, Self-Storage, Single Family Development, Storefrnt Retail/Residntl, Storefront Retail/Office, Strip Center, Supermarket",B-2,RE/MAX Neighborhood Properties,Diane Brady,9733343341,,,1533_46_11.01,geo,67,George Brady,6092961426,,
11175123,1-5,off-market,675000.0,1428.0,2.0,39.7640041,-75.3142923,242 Oak Grove Rd,Woolwich,Gloucester,Commercial,"Commercial, Office, Retail",COR-1,Vantage Real Estate Services,Leor Hemo,8567971919,2023-03-03,425000.0,,,,2024 Oak Grove Woolwich Llc,,24-00011-0000-00007,24-00011-0000-00007
7513956,1-5,off-market,299000.0,172.0,3.26,39.3832426,-74.63481,2059 Ocean Heights Ave,Egg Harbor Township,Atlantic,Commercial,Commercial,HB,Balsley Losco Real Estate,Chris Losco,6095173717,,,0108_5202_41,near,91,Aqua Blue Properties Llc,,08-05205-0000-00001,08-05205-0000-00001
21883023,1-5,active,,122.0,1.77,40.806482,-73.99272,163 Old River Rd,Edgewater,Bergen,Commercial,"Hospitality, Hotel",MXD-3,Prominent Properties Sotheby's International Realty,Tatyana Dyagileva,5515748028,,,,,,THREE Y LLC,,13-00093-0000-00001,13-00093-0000-00001
17212921,1-5,active,3500000.0,1089.0,1.193756,39.316965,-74.52042,3201 Pacific Ave,Atlantic City,Atlantic,Commercial,"Apartment Units - Condo, Apartment Units - Dorms, Casino, Commercial, Hotel, Mixed Use",RS-C,Grace Properties,Meg Worthington,6094872400,,,,,,Endeavor Ac Ii Llc,,15-00081-0000-00002,15-00081-0000-00002
8120186,1-5,active,300000.0,393.0,1.45,40.5148333,-74.861851,92 Park Ave,Flemington,Hunterdon,Commercial,"Apartment Units - Senior, Office, Planned Unit Development",TC,Coldwell Banker Commercial Realty,Robert Schrieber,9087826850,2016-12-19,,,,,Sextant Group Llc,,09-00013-0000-00015,09-00013-0000-00015
21273611,1-5,active,950000.0,45.0,3.164654,41.128654,-74.5958529,9 Park Dr,Franklin,Sussex,Commercial,"Contractor Storage Yard, Distribution, Lumberyard, Truck Terminal",I-2,Halo Realty,Barbara Moran,9738964266,,,,,,West Essex Management Corp.,9739898787,11-00062-0000-00018-05,11-00062-0000-00018-05
12243198,1-5,active,950000.0,45.0,4.0,41.129459,-74.593977,13 Park Dr,Franklin,Sussex,Industrial,Industrial,I-2 Medium Industry,Halo Realty,Barbara Moran,9738964266,,,,,,Wheatsworth Road Assocs Llc,2018913976,11-00062-0000-00018-07,11-00062-0000-00018-07
10573102,1-5,active,1050000.0,700.0,1.12,40.2526862,-74.7897076,824 Parkway Ave,Ewing,Mercer,Commercial,,BH,"J.C. BAR Properties, Inc.",Greg Jones,6102346491,,,,,,,,02-00488-0000-00002,02-00488-0000-00002
20996988,1-5,active,5000000.0,471.0,1.9,40.8539038,-74.1184766,11 Paterson Ave,Wallington,Bergen,Industrial,"Auto Repair, Contractor Storage Yard, Distribution, Industrial, Open Space, Trailer/Camper Park",CC,Clifton CRE,Meir Mizrachi,9733639887,,,,,,,,,
21353544,1-5,active,999999.0,331.0,3.25,40.32037,-74.33255,210 Pinebrook Rd,Manalapan Township,Monmouth,Residential,"MultiFamily, Single Family Development",SF-20,G & G Realtors,Michael Gruosso,7325312003,,,,,,,,28-01302-0000-00017,28-01302-0000-00017
21936034,1-5,active,800000.0,104.0,3.26908,40.934405,-74.406885,10 Pineview Ln,Boonton,Morris,Residential,Single Family Residence,R-81,Brown Harris Stevens New Jersey,Elaine Pardalos,9737446033,,,,,,Caitlin Hannagen,2673042559,02-30701-0000-00009-03,02-30701-0000-00009-03
21044092,1-5,active,625000.0,431.0,5.0,39.9826422,-74.6756708,000 Pointville Rd,Pemberton,Burlington,Commercial,"Bank, Car Wash, Commercial, Day Care Center, Drug Store, General Freestanding, Health Care, Hospital, Medical, Neighborhood Center, Office, Rehabilitation Center, Restaurant, Self-Storage, Strip Center, Supermarket",Neighborhood Commercial,Blue Chip Equities,Justin Goodman,7325671433,,,0329_806_1.02,pin,88,,,29-00806-0000-00001-02,29-00806-0000-00001-02
19847872,1-5,active,,770.0,1.66,40.848553,-74.229712,444 Pompton Ave,Cedar Grove,Essex,Commercial,"Commercial, Mixed Use",B (Retail Shopping),Coldwell Banker Commercial Real Estate,James Remler,9732678990,,,,,,,,04-00110-0000-00047,04-00110-0000-00051
21533212,1-5,active,4500000.0,262.0,1.0,40.7166334,-74.0684142,33 Prescott St,Jersey City,Hudson,Commercial,"Apartment Units, Apartment Units - Condo",R-2,Joseph A. Del Forno Inc.,Vito Del Forno,2014327000,,,,,,MT SINAI GOSPEL CHURCH,,06-17003-0000-00025,06-17003-0000-00025
10960410,1-5,active,190000.0,619.0,2.0,39.775469,-75.381206,100 Progress Ct,Logan Township,Gloucester,Industrial,Parking Lot,Light Industrial,Kva Group Inc,Jim Adams,2152853039,,,,,,KVA Group LLC,,09-03001-0000-00015-03,09-03001-0000-00015-03
18637483,1-5,active,2650000.0,1039.0,2.04,40.453067,-74.3845266,85 Prospect St,South River,Middlesex,Commercial,Apartment Units,commercial,Sitar Company,Philip Meoli,7322839000,,,,,,,,,
13861770,1-5,active,5000000.0,1295.0,4.68,40.28003,-74.6736858,4080 Quakerbridge,Lawrence Township,Mercer,Commercial,,HC,"J.C. BAR Properties, Inc.",Greg Jones,6102346491,,,1107_4202_1.04,pin,54,,,07-04202-0000-00001-04,07-04202-0000-00001-04
6752020,1-5,active,1350000.0,472.0,3.0,40.2564189,-74.6785052,3555 Quakerbridge Rd,Hamilton,Mercer,Commercial,Commercial,REO-4,One Real Estate,etti hazan,7326639898,,,,,,DPJ Associates,6095844750,03-01521-0000-00030-01,03-01521-0000-00118
21898392,1-5,active,1750000.0,116.0,3.0,40.0083029,-74.8604517,575 Rancocas rd,Westampton,Burlington,Commercial,"Hotel, Office, Retail",R6,Vantage Real Estate Services,Leor Hemo,8567971919,,,,,,,,,
21836533,1-5,active,850000.0,137.0,2.13,41.0315943,-74.2965704,1025 Ringwood Ave,Haskell,Passaic,Residential,Apartment Units,Residential Multi-family,Keller Williams Prosperity Realty,Walter 'Matt' Weiss,9736960077,,,,,,1025 Ringwood Ave LLC,,,
21456182,1-5,active,8500000.0,297.0,1.94,40.7270689,-74.3842581,55 River Rd,Chatham,Morris,Commercial,,M-3,Coldwell Banker Residential Brokerage,Jeff Smith,9085001640,,,,,,,,04-00139-0000-00004,04-00139-0000-00004
9390574,1-5,off-market,,260.0,1.69,40.8397293,-73.9692704,1339 River Rd,Edgewater,Bergen,Residential,"Apartment Units, Apartment Units - Condo, Commercial, MultiFamily",R-3,Northmarq,Logan Phillips,7042581790,2017-07-19,6073962.0,,,,"Ardeku, Inc.",5713315099,13-00017-0000-00001,13-00018-0000-00001-03
9964253,1-5,active,6900000.0,1253.0,1.0,40.8021837,-73.9938872,8607 River Rd,North Bergen,Hudson,Commercial,"Apartment Units, Apartment Units - Condo, Commercial, Mixed Use, Retail, Single Family Development, Single Family Residence",R1,William Nowicki,William Nowicki,2013594578,,,,,,Theresa Nowicki,2016965029,08-00435-0000-00018,08-00435-0000-00018
6291914,1-5,active,279000.0,6029.0,4.8,40.8582359,-74.6216022,1128 Route 10 W,Randolph,Morris,Commercial,"Bank, Commercial, Office, Retail, Theater/Concert Hall",,Coldwell Banker Commercial Realty,Samuel Bonfante,9088794900,,,,,,SJC Builders LLC,9738959999,32-00018-01-00004,32-00018-01-00004
9843544,1-5,active,950000.0,2545.0,1.8,40.1517306,-74.6984844,171 Route 130,Bordentown,Burlington,Commercial,"Commercial, Day Care Center, Fast Food, Health Care, Medical, Retail",HC,MSC,Danny Wolf,2158837398,,,,,,Dimitrios N Manetas,6092988817,04-00058-0000-00023,04-00058-0000-00023
13788000,1-5,active,,435.0,2.65,40.0087823,-74.9676587,2904 Route 130,Delran,Burlington,Commercial,"Bank, Car Wash, Day Care Center, Health Club, Office, Restaurant, Retail, Self-Storage",C-2,Bennett Realty & Development,Joel Dicker,9086108488,,,,,,Noble Properties,5619660070,10-00132-0000-00002,10-00132-0000-00002
8817465,1-5,active,1000000.0,476.0,1.6,40.3849685,-74.3304537,Route 18 and Marlboro Road,Old Bridge,Middlesex,Commercial,"Medical, Office",R15,Bennett Realty & Development,Joel Dicker,9086108488,2021-05-12,,,,,Rajesh Jariwala,9175204216,15-17006-0000-00013,15-17006-0000-00013
8836530,1-5,active,3800000.0,507.0,4.51,40.9242866,-74.7181167,18-24 Route 206,Byram Township,Sussex,Commercial,"MultiFamily, Office, Retail",VB,Clairmont Group,James Byron,9732700508,,,,,,Gary Niec,9084630990,,
8325961,1-5,active,,5280.0,4.0,40.6129044,-74.719295,3474 Route 22 W,Readington,Hunterdon,Commercial,"Commercial, Medical, Office, R&D, Retail",PO,Boniakowski Commercial Real Estate Group,Todd Gannet,7325290327,,,,,,Mahesh Singh,8484599582,22-00015-0000-00024,22-00015-0000-00024
11068224,1-5,off-market,475000.0,2682.0,2.0,39.764048,-75.3142591,2111 Route 322,Woolwich,Gloucester,Commercial,Retail,,Vantage Real Estate Services,Leor Hemo,8567971919,,,,,,,,24-00011-0000-00006-04,24-00011-0000-00006-04
19735662,1-5,active,,834.0,2.58,40.1444387,-74.0586544,2106 Route 35,Sea Girt,Monmouth,Commercial,"Medical, Office, Retail",HB-80,Pierson Commercial Real Estate,Neil Ruppert,7327439938,,,,,,,,52-00723-0000-00009,52-00723-0000-00009
8782642,1-5,off-market,,1022.0,5.0,40.2925411,-74.039773,Route 36 West,Eatontown,Monmouth,Commercial,Retail,SF-20,RIPCO Real Estate,Steven Winters,7327689898,,,,,,"Club Old Orchard Llc, The",,12-02701-0000-00069,12-02701-0000-00069
12258563,1-5,active,,577.0,1.76,39.9428502,-74.9689068,600 Route 38,Maple Shade Township,Burlington,Commercial,"Commercial, General Freestanding",C,"Metro Commercial Real Estate, Inc.",Shane Hart,2152820151,,,,,,,,19-00189-01-00005-01,19-00189-01-00005-01
19293043,1-5,active,600000.0,933.0,4.58,39.9791117,-74.8299788,1401 Route 38 W,Hainesport,Burlington,Commercial,"Auto Repair, Commercial, Contractor Storage Yard, Industrial, Retail, Retail Warehouse, Truck Terminal",Office,Zimmer Commercial Real Estate,Gerald Zimmer,6093324862,,,,,,,,16-00099-0000-00001,16-00099-0000-00001
9111356,1-5,active,,189.0,100.0,39.4448275,-74.7108906,Route 40,Mays Landing,Atlantic,Commercial,"Commercial, Distribution, Health Care, Hospital, Industrial, Industrial Park, Medical, Mixed Use, Office, Office Park, Police/Fire Station, R&D, Schools, Truck Terminal, Warehouse",IBP,Colliers,Tony DiDio,8563164138,,,,,,Hamilton Township Industrial Comm,6099090246,,
10161168,1-5,active,490000.0,1992.0,5.0,39.6789717,-75.4690684,367 Route 40,Carneys Point,Salem,Commercial,"Agricultural, Commercial",O,COMPASS,Natalie Jeker,2674358015,,,1702_258_10,near,29,Josefina Jeker,6092026547,02-00265-00001,02-00265-00001
6579181,1-5,active,1750000.0,119.0,1.5,39.7221637,-75.0263199,2841 Route 42,Sicklerville,Gloucester,Commercial,"Commercial, Retail",HC,Better Homes and Garden,Catherine Hartman,8566304750,,,,,,"Crump, Joseph F",8565774600,18-00094-0000-00003,18-00094-0000-00003-07
7964959,1-5,off-market,225000.0,959.0,1.34,40.8629128,-74.3777611,960 W Route 46,Parsippany,Morris,Commercial,"Commercial, Office, Retail",B-1,Commercial Realty Partners,Bree Manchanda,9087972095,,,,,,Snow Goose Holdings Llc,,29-00698-0000-00014-01,29-00698-0000-00014-01
10298245,1-5,active,549000.0,778.0,1.62,40.1814857,-74.5127987,703 Route 524,Upper Freehold Township,Monmouth,Commercial,"Agribusiness, Auto Dealership, Bank, Commercial, Convenience Store, Day Care Center, Department Store, Drug Store, Fast Food, Funeral Home, Garden Center, Health Club, Hospitality, Medical, Office, Post Office, Restaurant, Self-Storage, Service Station, Strip Center",CC-1,The Cox Group,Doug Walsh,6097520991,,,,,,,,,
10054302,1-5,active,105000.0,716.0,1.18,39.6424274,-74.3395233,1415 Route 539,Little Egg Harbor,Ocean,Commercial,Commercial,GB,"Levin Commercial Real Estate, LLC",Lee Jerome,6093445200,,,,,,Robert Conway,6096936565,17-00083-0000-00014,17-00083-0000-00014
9257250,1-5,active,499900.0,311.0,4.83,39.8972969,-74.7826004,1623 Route 70,Southampton,Burlington,Commercial,Commercial,Agricultural,Keller Williams Realty,James Moffa,6096545656,,,,,,Chwastek Alfred J Jr,,33-02002-0000-00016-03,33-02002-0000-00016-03
10363973,1-5,active,295000.0,1344.0,3.45,39.7516568,-74.910767,Route 73,Berlin,Camden,Commercial,Commercial,PC2,Century 21 Reilly Realtors,Charles Maimone,8567671776,,,0436_2502.09_1,near,77,Eao Inc,,,
14588161,1-5,active,,1179.0,2.57,39.8259973,-74.9272906,88-94 Route 73,Voorhees,Camden,Commercial,"Commercial, General Freestanding, Retail",MB/IZ,Metro Commercial Real Estate Inc.,David Judd,8562223037,2025-11-07,346933.0,,,,The Niki Group,8585460036,34-00251-0000-00001,34-00304-01-00024
12402276,1-5,active,1850000.0,1726.0,2.48,39.8300105,-74.9263524,120 Route 73,Voorhees,Camden,Commercial,"Commercial, Medical, Office, Retail, Storefront, Storefront Retail/Office, Strip Center",MB,Hersh Realty Group,Seth Hersh,8563758560,,,,,,Kirian Viken,9083974655,34-00252-0000-00009,34-00252-0000-00009
7138342,1-5,active,500000.0,284.0,1.324,39.8533281,-74.9214176,336-338 Route 73,Voorhees,Camden,Commercial,"Office, Retail",MB,BHHS Fox & Roach Realtors,Reshma Parekh,8563139912,,,,,,N H Nittal Llc,,34-00225-0000-00016,34-00225-0000-00016
12221967,1-5,active,,1162.0,1.6,39.857067,-74.9222564,403-405 Route 73,Voorhees,Camden,Commercial,"Commercial, Office, Retail",C1,Metro Commercial Real Estate Inc.,David Judd,8562223037,,,,,,,,34-00220-0000-00010,34-00220-0000-00011
19233963,1-5,active,3750000.0,721.0,4.1,39.860194,-74.920178,880 Route 73 S,Marlton,Burlington,Commercial,"Bank, Commercial, Day Care Center, Health Care, Medical, Office, Restaurant, Retail",C-1,Colliers,Tony DiDio,8563164138,,,0313_35.30_20,geo,63,"Starkman Properties, LLC",8564240497,,
7940712,1-5,active,350000.0,1109.0,1.7763,39.8721658,-74.9224417,625 S Route 73,Marlton,Burlington,Commercial,,C-1,Berkshire Hathaway Fox & Roach - Devon-Wayne,Sid Benstead,8568105710,,,,,,Stavros John T & Anastasia,,13-00036-0000-00001-01,13-00036-0000-00001-01
9832238,1-5,active,120000.0,1954.0,2.06,39.7915221,-74.9149503,725 S Route 73,West Berlin,Camden,Commercial,Commercial,Commercial,Daunno Commercial,Rudolph Daunno,7323963995,2020-07-09,,,,,,,,
21772589,1-5,active,99000.0,163.0,1.57,39.6819404,-74.8889054,S Route 73 & Inskip Rd,Hammonton,Camden,Commercial,,PC3,Timothy J Giannini,T.J. Giannini,6094329283,,,,,,Timothy J Giannini,6094329283,,
21610076,1-5,off-market,,227.0,1.7,40.0706626,-74.122392,1881 Route 88,Brick,Ocean,Commercial,Retail,B2,"R.J. Brunelli & Co., LLC.",Dawn Pizzichillo,7327215800,,,,,,,,07-00869-0000-00003,07-00869-0000-00003
6605826,1-5,active,450000.0,63.0,2.18,40.0771927,-74.0994845,2158 Route 88,Brick,Ocean,Commercial,"Restaurant, Retail",B2,Realty One Group Emerge,Steven Honan,7328929900,2009-09-25,200000.0,,,,"Wallace and Sons, LLC",,,
7337533,1-5,off-market,450000.0,974.0,1.3,40.0772865,-74.0966705,2193 Route 88,Brick,Ocean,Commercial,"Bank, Bar, Car Wash, Commercial, Community Center, Convenience Store, Day Care Center, Drug Store, Fast Food, Garden Center, General Freestanding, Health Care, Loft/Creative Space, Medical, Mixed Use, Neighborhood Center, Office, Post Office, Restaurant, Retail, Retail Warehouse, Self-Storage, Service Station, Storefrnt Retail/Residntl, Storefront, Storefront Retail/Office, Strip Center, Supermarket, Veterinarian/Kennel",B2,Weichert Realtors,Eric Kiamie,9086547777,,,,,,,,2407-01026-0000-00008-0000,2407-01026-0000-00008-0000
10274429,1-5,active,,388.0,1.72,40.0777327,-74.0934774,2225 Route 88,Brick,Ocean,Commercial,"Auto Dealership, Auto Repair, Bank, Car Wash, Commercial, Convenience Store, Drug Store, General Freestanding, Medical, Office Park, Retail, Storefront Retail/Office, Strip Center, Supermarket",b-2,Sitar Company,"William Sitar, Jr",7326232155,2020-11-09,700000.0,,,,LUKOIL North America LLC,2124214141,07-01026-0000-00020,07-01026-0000-00020
10460499,1-5,off-market,2450000.0,683.0,1.01,39.9192262,-75.0328191,1820 Rt 70 W,Cherry Hill,Camden,Commercial,Retail,B-2,"AJ Sussman Company, Inc",Alan Sussman,8563211700,,,,,,,,09-00136-01-00011,09-00136-01-00012
5598980,1-5,active,495000.0,2923.0,3.2,40.8725407,-74.5279648,86 Rt-10 E,Randolph,Morris,Commercial,"Bank, Commercial, Office, Retail",B-2,Coldwell Banker Commercial Realty,Samuel Bonfante,9088794900,,,,,,Campo Salvatore J,,32-00198-0000-00004-14,32-00198-0000-00004-14
7950424,1-5,active,3000000.0,493.0,3.25,39.9363492,-75.0504469,512 Rt-38,Cherry Hill,Camden,Commercial,"Commercial, Self-Storage",Commercial,"Paramount Realty Services, Inc.",Joe Zekaria,7328861500,,,,,,,,09-00595-02-00003,09-00595-02-00003
20838497,1-5,active,,604.0,3.38,40.0741738,-74.1596982,1950 Rutgers Blvd,Lakewood,Ocean,Commercial,Commercial,M1,Kassin Sabbagh Realty (KSR),Jack Zalta,3472569281,,,1515_1609_27,near,80,1950 RUTGERS BLVD LLC,,15  01607-0000-00013-  02,15  01607-0000-00013-  02
21840102,1-5,off-market,339000.0,136.0,2.04,40.970945,-74.350288,15 Saw Mill Rd,Kinnelon,Morris,Commercial,"MultiFamily, Single Family Residence",,Century 21 Realty Group,Maira Fernandez,2018548888,,,,,,,,,
13846942,1-5,active,1200000.0,305.0,2.88,40.261836,-74.8038612,1200 Silvia St,Ewing Township,Mercer,Commercial,"Apartment Units, Apartment Units - Dorms, Bank, Commercial, Community Center, Convenience Store, Day Care Center, Drug Store, Fast Food, General Freestanding, Hospitality, Hotel, Medical, Mixed Use, MultiFamily, Neighborhood Center, Office, Restaurant, Retail, Storefrnt Retail/Residntl, Storefront, Storefront Retail/Office, Strip Center","""TC"" Town Center","Keller Williams Realty, Commercial Group",Michael Briehler,6096586423,,,,,,,,02-00345-0000-00001-01,02-00345-0000-00001-01
21073361,1-5,active,,410.0,3.45,39.9813024,-74.8143244,State highway 38,Hainesport,Burlington,Commercial,"Commercial, Retail",C,Rohrer & Vail Real Estate,Jeffrey Bisk,8568588800,,,,,,LONG BRIDGE ALLIANCE LLC,,,
10415487,1-5,active,278000.0,4042.0,3.7,40.504941,-74.898292,311 State Route 12,Flemington,Hunterdon,Residential,Single Family Residence,R-1,,,,,,1021_41_2,pin,26,,,21-00041-01-00002,21-00041-01-00002
13870294,1-5,active,1500000.0,1284.0,1.9,40.429795,-74.29678,46 State Route 34,Old Bridge,Middlesex,Commercial,Commercial,commercial,Alexander Anderson Real Estate Group,Alex Mouzakitis,2013415147,,,,,,,,,
10153871,1-5,active,,3542.0,1.2466,40.8208539,-74.8390066,1885 State Route 57,Hackettstown,Warren,Commercial,"Commercial, Retail",,National Realty & Development Corp.,Harrison Lyss,9142728043,,,,,,National Realty & Development Corp.,9146944444,16-01105-0000-00012-01,16-01105-0000-00012-01
8931414,1-5,active,,556.0,4.8,40.224768,-74.0406365,2100 State Route 66,Neptune,Monmouth,Commercial,Parking Lot,CHS,Cayre Equities,Eric Toffler,2128405588,,,,,,Cayre Equities,2128405588,35-00802-0000-00001,35-00802-0000-00001
10361634,1-5,active,,220.0,1.1,40.3813277,-74.508123,24 Summerfield Blvd,Dayton,Middlesex,Commercial,Retail,,Sabre Real Estate Group LLC,Justin Korinis,2012498911,,,,,,,,21-00031-08-00045-02,21-00031-08-00045-02
20137372,1-5,active,,748.0,3.95,40.0503955,-74.8424258,7-11 Sunset Rd,Burlington,Burlington,Commercial,Commercial,B-2,Anchor Commercial Development,Yvonne Hu,2153278817,,,,,,,,,
12622686,1-5,active,275000.0,1638.0,2.11,39.4133232,-74.5668612,2610 TILTON,Egg Harbor Township,Atlantic,Commercial,,,Foresite Commercial Realty,Samantha Zerafa Roessler,6096461919,,,,,,,,,
10270507,1-5,active,,10.0,1.11,39.716464,-75.028406,121 Tuckahoe Rd,Sewell,Gloucester,Commercial,"Restaurant, Retail",HC,JLL,David Townes,9738294800,,,,,,Agree Realty Corporation,2487374190,18-00087-01-00002-13,18-00087-01-00002-13
10256482,1-5,active,1890000.0,444.0,1.7,39.92604,-75.04881,1230 Union Ave,Cherry Hill,Camden,Commercial,Retail,B-4,NAI Mertz,Jeff Sloan,8562349600,,,,,,Gelmarc Distributors Inc,,09-00014-01-00003,09-00014-01-00006
17957137,1-5,active,,42.0,3.5,40.5041195,-74.3998245,431 US Highway 1,Edison,Middlesex,Commercial,,,RIPCO Real Estate,Adam Hakim,6462902011,,,,,,,,,
12736501,1-5,active,,120.0,4.0,40.6359236,-74.786238,482 US Highway 22,Lebanon,Hunterdon,Industrial,Industrial,AR,Bussel Realty,Steve Jaynes,9082553141,,,,,,DABROWSKI TADEUSZ J,,22-00004-0000-00040,22-00004-0000-00040
20303293,1-5,active,1500000.0,17.0,4.0,40.1797925,-74.2464487,2390 US Highway 9,Howell,Monmouth,Commercial,,C-50,Homesmart First Advantage Realty,Gabriella Fried,7187302730,,,1321_135_21,near,60,,,21-00135-0000-00016,21-00135-0000-00016
14974459,1-5,active,1150000.0,1170.0,2.1,40.0185325,-74.9475477,6010 US-130,Delran,Burlington,Commercial,"Car Wash, Commercial, Medical, Office, Retail",PCD,Metro Commercial Real Estate Inc.,Mark Gerlach,8562223032,,,,,,Elizabeth S Filson,8036489790,10-00120-07-00022,10-00120-07-00022
21867264,1-5,active,225000.0,128.0,1.37,41.0091821,-74.7587359,661 US-206 Hwy,Newton,Sussex,Commercial,Commercial,,Weichert Realtors,John Cole,9737137836,,,,,,,,02-00134-0000-00025-01,02-00134-0000-00025-01
21795335,1-5,active,1200000.0,153.0,2.27,39.602108,-74.358868,585 US-9,Little Egg Harbor,Ocean,Commercial,"Auto Dealership, Auto Repair, Bank, Bar, Car Wash, Commercial, Contractor Storage Yard, Convenience Store, Day Care Center, Department Store, Drug Store, Fast Food, Health Care, Mixed Use, Office, Restaurant, Retail, Retail Warehouse, Self-Storage, Service Station, Storefrnt Retail/Residntl, Storefront",GB General Business Zone.,Keller Williams Realty Monmouth/Ocean,Mohamed Bassyouni,7329425280,,,,,,,,17-00277-0000-00003,17-00277-0000-00003
15608611,1-5,off-market,850000.0,1149.0,1.27,40.873936,-74.188314,784 Valley rd,Clifton,Passaic,Residential,,commercial,Nicholas Real Estate,Nicholas Tselepis,9733401202,,,,,,,,,
12104740,1-5,active,,1947.0,1.067493,40.1100418,-74.357943,100 W Veterans Hwy,Jackson,Ocean,Residential,"Apartment Units, Commercial, Retail",NC,Ripco Real Estate,Joe AmecAngelo,7325092856,,,,,,,,18-00012-0000-00024-06,18-00012-0000-00024-06
19284835,1-5,active,1500000.0,939.0,2.0,40.59993,-74.353514,2 Villa Dr,Edison,Middlesex,Commercial,,LI,Weichert Realtors,Eric Kiamie,9086547777,,,,,,,,,
6191863,1-5,active,699000.0,2040.0,4.1,39.8207377,-75.2339233,W Cohawkin Road and Berkley Road,Paulsboro,Gloucester,Commercial,"Hospitality, Industrial, Restaurant, Retail",B2,"Zommick McMahon Commercial Real Estate, Inc.",Mark Trani,6103591100,2019-12-27,750000.0,,,,Two Farms Inc.,4108890200,,
9524239,1-5,active,250000.0,2636.0,4.258,39.4177844,-75.0211441,700 N Wade Blvd,Vineland,Cumberland,Commercial,Commercial,I-3,Colliers,Tony DiDio,8563164138,,,,,,Alister Associates Llc,,14-07504-0000-00004,14-07504-0000-00004
8206248,1-5,active,1325000.0,660.0,2.668848,40.0103029,-74.9844966,2203-2205 Wallace Blvd,Cinnaminson,Burlington,Industrial,"Commercial, Industrial",I,"J.C. BAR Properties, Inc.",Greg Jones,6102346491,2023-01-20,,,,,Eric Nell,,08-00803-0000-00026,08-00803-0000-00027
10975436,1-5,off-market,775000.0,2795.0,2.36,40.2642064,-74.5438115,30 Westfield Rd,East Windsor,Mercer,Residential,MultiFamily,commercial,Lance Bram Commercial Broker,Lance Shalit,7325451850,,,,,,,,,
21499205,1-5,active,5000000.0,278.0,3.24,40.2857887,-74.0297273,10 Weston Way,West Long Branch,Monmouth,Residential,Single Family Residence,R-22,CENTURY 21 Mack-Morris Iris Lurie,Joseph Consiglio,7325382228,,,,,,,,99-99999-9-99999-99,99-99999-9-99999-99
7809212,1-5,active,495000.0,5715.0,1.53,39.7767504,-74.9063132,196 White Horse Pike,Atco,Camden,Commercial,,HC,Century 21 Reilly Realtors,Charles Maimone,8567671776,,,,,,Noll Brian,,35-00202-0000-00003,35-00202-0000-00003
9243544,1-5,active,,101.0,1.0,39.7628867,-74.8887202,479 White Horse Pike,Atco,Camden,Commercial,"Fast Food, Hotel, Motel, Parking Lot, Restaurant, Retail",OC,Chilmark Real Estate Services LLC,Pranav Shinde,9733262000,2021-11-05,,,,,,,35-02001-0000-00074,35-02001-0000-00074
12395914,1-5,active,395000.0,1736.0,1.33,39.772353,-74.902275,275 White Horse Pike,Atco,Camden,Commercial,,PHB,Century 21 Reilly Realtors,Charles Maimone,8567671776,,,,,,,,35-00303-0000-00003,35-00303-0000-00003
7892170,1-5,active,,10.0,3.5,39.7741324,-74.9032898,240 Whitehorse Pike,Atco,Camden,Commercial,"Commercial, General Freestanding, Restaurant, Retail",C,Bennett Realty & Development,Joel Dicker,9086108488,,,0435_202_4.02,near,88,,,35-00203-0000-00006,35-00203-0000-00006
12455095,1-5,active,650000.0,1722.0,3.4,40.8652371,-74.8123957,689-691 Willow Grove St,Hackettstown,Warren,Commercial,,HF,Fiedler Real Estate,Jeffery Fiedler,9088522200,,,,,,,,,
10487164,1-5,active,3600000.0,1295.0,4.8,39.7629254,-75.1339664,610 Woodbury Glassboro Rd,Sewell,Gloucester,Commercial,Supermarket,CC,"J.C. BAR Properties, Inc.",Greg Jones,6102346491,2017-08-30,3250000.0,,,,"LIDL US, LLC",8447475435,10-00200-0000-00001-02,10-00200-0000-00001-02
11256034,1-5,active,,25.0,1.2,39.764597,-75.131343,675 Woodbury Glassboro Rd,Sewell,Gloucester,Commercial,Commercial,c,Metro Commercial Real Estate Inc.,Tom Londres,8562223027,,,,,,,,10-00198-03-00001,10-00198-03-00001
20418055,1-5,active,550000.0,644.0,2.0,39.402137,-74.526173,580 Woodland ave,Pleasantville,Atlantic,Commercial,,Commercial,MSC,Jesse Dubrow,2155682600,,,,,,,,19-00416-0000-00002-03,19-00416-0000-00002-03
12352103,1-5,off-market,429000.0,1781.0,1.32,40.263828,-74.677623,121 Youngs Rd,Trenton,Mercer,Commercial,Commercial,I,Joseph R. Ridolfi & Associates,Joseph Ridolfi,6095814848,,,,,,,,,
20914536,1-5,off-market,1600000.0,535.0,2.0,39.363313,-74.617309,506 Zion Rd,Egg Harbor Township,Atlantic,Commercial,,RG1,Foresite Commercial Realty,Samantha Zerafa Roessler,6096461919,,,,,,,,,
21890367,1-5,off-market,150000.0,120.0,1.0,40.881096,-74.737207,10 2nd St,Budd Lake,Morris,Commercial,,land,Coldwell Banker Commercial Realty,Hajira Yafai,9738760970,,,,,,,,,
7572350,1-5,active,10000000.0,3124.0,2.3462,39.367468,-74.416825,445 Atlantic Ave,Atlantic City,Atlantic,Residential,"Single Family Development, Single Family Residence",NEIR,Weichert Realtors - The Asbury Group,Nathan Chait,6097425896,2012-06-05,300000.0,,,,Md Dad & Sons Apartment Llc,6099276012,02-00122-0000-00029,02-00122-0000-00029
20879857,1-5,active,325000.0,347.0,2.8,39.803641,-75.0453113,1531 Blackwood Clementon Rd,Blackwood,Camden,Commercial,Commercial,,Keller Williams Realty,James Moffa,6096545656,,,,,,,,,
21939267,1-5,active,450000.0,100.0,3.3,40.876458,-74.733941,25 Budd ave,Budd Lake,Morris,Residential,"Apartment Units - Condo, Hotel, MultiFamily",R4,Northeast Realty & Management LLC,Jacob Nguyen,9178100489,,,,,,Minh Nguyen,9415041094,27-03201-0000-00054,27-03201-0000-00054
22044408,1-5,active,399990.0,70.0,3.86,40.1868526,-74.195567,244 Casino Drive,Howell,Monmouth,Residential,"Agribusiness, Agricultural, Contractor Storage Yard, Single Family Residence",ARE-2,Leora1 Realty,Leora Dubrovsky,7325369300,,,,,,,,21-00155-0000-00008-02,21-00155-0000-00008-02
20968443,1-5,active,190000.0,494.0,1.0,40.8555215,-74.7534438,37 Cassedy Rd,Mount Olive,Morris,Residential,Single Family Development,R1,Coldwell Banker Commercial Realty,Hajira Yafai,9738760970,,,,,,,,,
22053764,1-5,active,,66.0,1.976607,39.9334551,-75.1085967,1118 Chestnut St,Camden,Camden,Commercial,,,Camden County Improvement Authority,Anthony Bianco,8562255559,,,,,,CAMDEN CITY,,08-01302-0000-00001,08-01302-0000-00001
20835315,1-5,active,,606.0,1.0,39.8295262,-75.1106582,1412 Clements Bridge Rd,Woodbury,Gloucester,Commercial,"Bank, Commercial, Fast Food, General Freestanding, Restaurant, Retail, Service Station",,"Metro Commercial Real Estate, Inc.",Jonathan Spoerl,2152820157,,,,,,,,,
22031306,1-5,off-market,,74.0,1.88,40.724237,-74.093801,405 Clendenny Ave,Jersey City,Hudson,Commercial,"Apartment Units, Industrial, Mixed Use, Office, Storefront Retail/Office",WPD - Redevelopment,West Hoboken Residential,Kelly Bastidas,2019030444,,,,,,SCIBETTA JOSEPH,,,
20904293,1-5,active,595000.0,543.0,1.58,39.8043944,-74.9153494,398 Cooper Rd,Berlin Township,Camden,Commercial,"Commercial, Industrial",LI,Berkshire Hathaway Fox & Roach - Devon-Wayne,Sid Benstead,8568105710,,,,,,JUST 1 MOORE LLC,,06-01908-0000-00001,06-01908-0000-00001
19831999,1-5,active,3700000.0,780.0,3.0,40.313454,-74.581245,208 County Route 615,Plainsboro,Middlesex,Commercial,,,,,,,,,,,,,,
20000469,1-5,active,,752.0,2.12,40.4075717,-74.5176033,21 Deans Ln,Monmouth Junction,Middlesex,Commercial,Single Family Residence,R,Millennium Interstate Realty LLC,Sunil Ramnani,7322031500,,,,,,,,,
8283532,1-5,active,2500000.0,492.0,3.29,40.5119338,-74.6302401,Doctors Way,Hillsborough,Somerset,Commercial,"Medical, Office",HR,K T Realty,Ketan Thakker,9087537511,,,,,,Zonar Llc,,10-00182-0000-00038-02,10-00182-0000-00038-02
22047409,1-5,active,450000.0,69.0,1.86,39.8255712,-75.2442026,0 Dora & Huff Road,Paulsboro,Gloucester,Commercial,,R1A,eXp Realty,JEANNETTE GASPER,6094109376,,,,,,VARADA LLC,,14-00118-01-00001,14-00118-01-00001
22165236,1-5,active,3300000.0,42.0,1.0,41.0532878,-74.9108403,920 Hardwick Rd,Hardwick,Sussex,Industrial,,R5A,Keller Williams City Views,Liana Chiun Lee,2019180119,,,,,,ST FRANCIS VILLAGE INC,,20-02602-0000-00003-01,20-02602-0000-00003-01
22152757,1-5,active,,45.0,4.8,39.9736384,-74.1830701,1131 Hooper Ave,Toms River,Ocean,Commercial,Retail,RC,"R.J. Brunelli & Co., LLC.",Peter Nicholson,7327215800,,,1508_601_1,pin,80,COUNTY OF OCEAN,,08-00601-0000-00001,08-00601-0000-00001
20266694,1-5,active,195000.0,704.0,3.5,39.41906,-74.61022,3083 Ivins Ave,Egg Harbor Township,Atlantic,Residential,"Apartment Units, Single Family Development, Single Family Residence",RG2,The Realty Group Inc,Dennis Cline,2155766228,,,,,,,,08-01702-0000-00133,08-01702-0000-00133
21926261,1-5,active,3200000.0,107.0,2.0,40.9151412,-74.3666741,337-339 Main Rd,Montville,Morris,Commercial,"Retail, Storefront Retail/Office, Strip Center",OB4A,Galesi Realty Corp,George Pertesis,2013218188,,,,,,337 & 339 MAIN ROAD MONTVILLE LLC,,,
22169775,1-5,active,,39.0,2.0,39.905009,-74.974053,1845 NJ-70,Cherry Hill Township,Camden,Commercial,,,MSC,Danny Wolf,2158837398,,,,,,,,,
21036517,1-5,active,400000.0,438.0,2.3,40.1122999,-74.0741693,2632 NJ-70,Manasquan,Monmouth,Commercial,Commercial,commercial,"Michael, Botton",Michael Botton,3109130860,,,,,,,,,
21380501,1-5,active,300000.0,319.0,2.28,39.9764895,-74.1739432,819 Oak Avenue Ave,Toms River,Ocean,Residential,"Apartment Units - Dorms, Apartment Units - Subsdzd, Community Center, Day Care Center, Health Care, Hold for Development, Hold for Investment, Hospitality, Hotel, Medical, Mixed Use, Motel, Office, Rehabilitation Center, Religious Facility, Schools, Single Family Development, Single Family Residence, Timberland, Veterinarian/Kennel","Residential ,Commercial",Homesmart First Advantage Realty,Steven Bendel,7325033995,,,,,,,,,
21948640,1-5,active,20000000.0,99.0,10.0,40.99595,-73.916519,6 Old Farm way,Alpine,Bergen,Residential,Single Family Development,R,Prominent Properties Sotheby's Realty,Rosemarie Campi,2017419939,,,,,,,,,
21372740,1-5,active,9500000.0,323.0,1.080005,40.7256468,-74.1755183,116-130 Orchard St,Newark,Essex,Commercial,,commercial,,,,,,,,,CSS PROPERTIES LLC,,14-00890-0000-00050,14-00890-0000-00050
20833637,1-5,active,,609.0,1.0,40.1570291,-74.3520415,51 Progress Pl,Jackson township,Ocean,Industrial,Industrial,commercial,Surge Spaces,Zev Spira,7323759558,,,1512_2401_9,geo,80,,,,
19304476,1-5,active,550000.0,926.0,1.0,40.0052398,-74.9793541,2211 Route 130 S,Cinnaminson,Burlington,Commercial,Retail,BD,McCann Commercial,Brendan Ryan,2152195446,,,,,,Wayne A Doganieri,8568290054,,
11477632,1-5,active,340000.0,52.0,2.95,40.8516939,-74.7863065,417 Route 46,Mount Olive,Morris,Commercial,Single Family Development,C-2,Keller Williams City Views Realty,Stephanie Darwiche,2017596591,2021-05-13,205000.0,,,,Mohammad Ali,,27-08400-0000-00007,27-08400-0000-00007
21024638,1-5,active,6500000.0,450.0,1.26,40.8937847,-74.2417824,520 Route 46,Wayne,Passaic,Commercial,,,,,,,,,,,Robbies Inc,,,
22049572,1-5,active,999000.0,67.0,4.54,39.081192,-74.830999,212 Shunpike rd,Cape May Court House,Cape May,Commercial,"Apartment Units - Condo, Single Family Development, Single Family Residence",R,Compass RE,William Albrecht,6099679600,,,0506_10.02_1,near,90,,,,
10223396,1-5,active,3900000.0,414.0,2.9,40.9069452,-74.0674327,535-565 Spring Valley Rd,Maywood,Bergen,Residential,"MultiFamily, Single Family Development",A1,Terrie O'Connor Realtors,Lou Vintalore,2017237681,,,,,,Russell P Trocano Ents LLC,,34-00069-0000-00003,34-00086-0000-00018
22035962,1-5,active,,73.0,1.1,40.7693236,-74.2001012,221 Springdale Ave,East Orange,Essex,Commercial,,R-2,CBRE,Marta Villa,9737158385,,,,,,221 SPRINGDALE LLC,,05-00290-0000-00017,05-00290-0000-00022
22139527,1-5,active,,3.0,2.184096,40.4357854,-74.3006859,1397 US Highway 9,Old Bridge,Middlesex,Commercial,"Auto Dealership, Bank, Car Wash, Commercial, Convenience Store, Drug Store, Fast Food, Hold for Development, Medical, Mixed Use, Office, Restaurant, Retail, Storefront, Storefront Retail/Office",EDO-3,CBRE,David Orkin,6102510820,,,,,,Ronda Stoker,8139686674,,
21150143,1-5,active,189000.0,377.0,2.72,40.8787137,-74.6931151,146 US-206,Flanders,Morris,Commercial,Mixed Use,R1,SkyLight Real Estate,Sema Sky,8006640426,,,,,,UNITED AMERICAN MUSLIM ASSOCIATION,,,
21977095,1-5,active,550000.0,88.0,1.53,40.2056954,-74.6958084,1056-1060 White Horse Mercerville Rd,Trenton,Mercer,Commercial,Commercial,CC,One Real Estate,etti hazan,7326639898,,,,,,BLAKE R DAVID D,,03-02158-0000-00002,03-02158-0000-00003
14625095,5-100,active,,256.0,16.0,40.2318865,-74.2228567,470 Fairfield Rd,Freehold,Monmouth,Commercial,"Commercial, Distribution, Food Processing, Hold for Development, Hold for Investment, Industrial, R&D, Warehouse",3A,Active Acquisitions,Seth Gerszberg,8483330880,,,1321_168_19.04,geo,86,,,21-00168-0000-00017,21-00168-0000-00019-08
22305285,5-100,active,10.0,6.0,85.0,40.633054,-74.951241,5 Frontage Rd,Clinton,Hunterdon,Residential,"Apartment Units, Apartment Units - Condo, Apartment Units - Subsdzd, MultiFamily",Redevelopment,Blackford Realty,Bruce Feld,9086259005,,,,,,,,25-00022-0000-00028-0000-Q0132,25-00022-0000-00030
10458119,5-100,off-market,2950000.0,3228.0,15.0,39.589281,-74.3853314,9 Mathistown Rd,Little Egg Harbor Twp,Ocean,Commercial,"Apartment Units, Commercial, Retail",Highway Commercial,Andev Corp,Len Anderson,6095970088,,,,,,,,,
847847,5-100,active,3750000.0,178.0,32.0,40.3598847,-74.284627,142 Amboy Rd,Marlboro,Monmouth,Commercial,"Commercial, Industrial, Self-Storage",Land conservation,"Legacy Commercial Realty, LLC",Matt Miller,7323336380,2001-06-04,440000.0,1330_172_33,pin,74,"Stillwell Capital, LLC",,30-00172-0000-00033,30-00172-0000-00033
20952582,5-100,active,750000.0,94.0,10.5,40.2604514,-74.7315796,0 Basin Rd,Lawrence,Mercer,Agricultural,"Agricultural, Medical, Mixed Use, Office, Veterinarian/Kennel",MX-2,BHHS Fox & Roach,Rocco D'Armiento,2679808546,2025-07-24,400000.0,,,,,,,
21281409,5-100,active,950000.0,347.0,8.0,40.8088788,-75.0765177,00 Belvidere rd,Belvidere,Warren,Commercial,Agricultural,C-1,Colliers,Wayne Kasbar,7328070330,,,,,,,,,
7410757,5-100,active,3499000.0,6016.0,31.0,39.4433598,-74.6225171,4127 Black Horse Pike,Mays Landing,Atlantic,Commercial,"Commercial, Mixed Use, Retail",DC,Century 21 Action Plus Realty,Thomas Hogan,8002992129,,,0112_1323_2,pin,90,Group 1 Realty Inc Rash Assoc,,12-01323-0000-00002,12-01323-0000-00002
10296467,5-100,active,,270.0,28.3,39.45266,-74.6555,4650 Black Horse Pike,Mays Landing,Atlantic,Commercial,"Commercial, Office, Retail, Storefront Retail/Office",HC,HK99 Realty LLC,Kelly Huang,2152083288,2025-09-26,850000.0,0112_1134_8,pin,93,,,12-01134-0000-00008,12-01134-0000-00008
9257944,5-100,active,1900000.0,354.0,8.26,39.4575885,-74.6632934,4800 Black Horse Pike,Mays Landing,Atlantic,Commercial,"Retail, Storefront, Strip Center",HC (Highway Commercial),RIPCO Real Estate,Deborah Stone,2019144406,,,0112_1134_3.01,near,90,State of New Jersey Department of Transportation,6095302360,,
20566436,5-100,active,3200000.0,634.0,7.0,39.4213,-74.580019,6602 Black Horse Pike,Egg Harbor Township,Atlantic,Commercial,Commercial,HB,Foresite Commercial Realty,Samantha Zerafa Roessler,6096461919,,,0108_1223_6,geo,93,,,,
10538120,5-100,active,,241.0,6.0,39.6997098,-75.0012311,1010 N Black Horse Pike,Williamstown,Gloucester,Commercial,Retail,RG-C,Wolf Commercial Real Estate L.L.C.,Jason Wolf,8568576300,,,0811_1101_11.03,geo,76,Philip J. Bowers Co.,7327417200,11-01101-0000-00011-01,11-01101-0000-00011-01
7163711,5-100,active,999000.0,421.0,10.41,39.6117723,-74.9034023,4338 S Black Horse Pike,Williamstown,Gloucester,Commercial,"Bank, Commercial, Contractor Storage Yard, Mixed Use, Office, Retail, Strip Center, Warehouse",RD-C,Berkshire Hathaway Fox & Roach - Devon-Wayne,Chris Benstead,8568105711,2020-02-28,,0811_6101_13,near,15,,,11-06101-0000-00014,11-06101-0000-00014
10667137,5-100,active,2450000.0,639.0,6.3,39.4399878,-74.6209419,4044-4068 Black Horse Pike,Mays Landing,Atlantic,Commercial,"Apartment Units - Condo, Apartment Units - Senior, Auto Dealership, Bank, Car Wash, Commercial, Drug Store, Fast Food, Hotel, Medical, Office Park, Restaurant, Retail, Retail Warehouse, Strip Center, Warehouse",Highway Commercial,Coastline Real Estate Dev,Michael Guterman,6092666220,,,0112_1317_17.03,pin,85,Coastline Real Estate Dev,6092666220,12-01317-0000-00017-02,12-01317-0000-00017-03
21444867,5-100,active,,302.0,10.2,39.3546748,-74.436352,2201 Boardwalk,Atlantic City,Atlantic,Commercial,,,Avison Young,Adam Gillespie,6102763153,,,,,,,,,
21407963,5-100,active,8900000.0,309.0,5.15,40.9190477,-74.1353175,855-887 Broadway,Paterson,Passaic,Residential,,R1,RE/MAX SELECT,Patrick Varelas,2013375555,,,,,,,,08-08208-0000-00002-02,08-08208-0000-00002-02
13880445,5-100,off-market,3295000.0,417.0,70.0,40.9559185,-74.3522262,1 Brook Valley Ter,Kinnelon,Morris,Commercial,"Agricultural, Commercial, Hospitality, Pasture/Ranch, Trailer/Camper Park, Winery/Vineyard",R,Century 21-The Crossing,Summer Failla,8622142758,,,,,,,,15-56701-0000-00103,15-56701-0000-00103
11273506,5-100,active,1250000.0,581.0,29.44,40.05497,-74.795758,1635 Burlington Jacksonville Rd,Burlington,Burlington,Commercial,Single Family Development,AR-10,NAI Mertz,Julie Kronfeld,8568026516,,,,,,,,,
20531087,5-100,active,1100000.0,637.0,6.8,40.056523,-74.777792,1693 Burlington Jacksonville Rd,Bordentown,Burlington,Residential,"Commercial, Contractor Storage Yard, Single Family Development",ar 10,Smires & Associates Real Estate,Kevin Kerins,6092989888,,,,,,,,,
10359109,5-100,active,2800000.0,653.0,12.75,40.644994,-74.6486236,1850 Burnt Mills Rd,Bedminster,Somerset,Agricultural,"Agribusiness, Baseball Field, Community Center, Day Care Center, Food Processing, Garden Center, Health Care, Horse Stables, Mixed Use, Open Space, Pasture/Ranch, Public Park, Veterinarian/Kennel, Winery/Vineyard",R-10,KWC - Village Square,Edward Laub,2018412560,,,,,,Cynthia  Hoogland,,01-00062-01-00002,01-00062-01-00002
5894515,5-100,active,,2093.0,38.74,39.7506125,-75.259827,8 Burton Ln,Mullica Hill,Gloucester,Commercial,Commercial,C-55,,,,,,,,,"Woodland Four, LLC",6106396531,08-00046-0000-00004-06,08-00046-0000-00004-06
21851788,5-100,active,675000.0,133.0,38.75,40.4033089,-74.3431469,0 By Palmer Bridge,Old Bridge,Middlesex,Commercial,,ER,J.J. Elek Realty,Joseph DeVizio,7326349100,,,1215_18000_3,pin,38,EAPPEN MURIEKOLIL,,15-18000-0000-00003,15-18000-0000-00003
9579483,5-100,active,16500000.0,101.0,9.1,40.1666101,-74.2970262,501 Chandler Rd,Jackson,Ocean,Commercial,"Commercial, MultiFamily, Retail",NC,,,,2016-04-08,153000.0,1512_903_12,pin,80,A & A TRUCK PARTS INC,,12-00903-0000-00012,12-00903-0000-00012
11147677,5-100,active,800000.0,163.0,27.5,39.3777887,-74.5284948,1122 Clematis Ave,Pleasantville,Atlantic,Commercial,"Commercial, Single Family Development",R-75,KELLER WILLIAMS REALTY JERSEY SHORE oc,Michael Petretta,6098145444,,,,,,DTRT REAL ESTATE LLC,,19-00004-0000-00004,19-00004-0000-00038
20942609,5-100,active,,46.0,5.0,40.5487253,-74.5467207,91 Cottontail Ln,Somerset,Somerset,Industrial,Industrial,Business and Industry,Lee & Associates Commercial Real Estate Services,Richard Marchisio,5512658312,,,1808_517.01_8.12,near,40,,,,
14639771,5-100,active,,1178.0,49.832755,39.669103,-75.432768,990 Courses Landing Rd,Carneys Point,Salem,Industrial,,AG,Curran Commercial,Ryan Curran,7323593203,,,,,,,,02-00268-0000-00003-01-QFARM,02-00268-0000-00003-01-QFARM
13970145,5-100,active,2400000.0,1214.0,11.0,39.7700808,-74.9655869,277 Cross Keys Rd,Berlin,Camden,Commercial,Commercial,,"Markeim Chalmers, Inc",Kevin Burns,8563245191,,,0428_117_1,near,86,,,28-00117-0000-00002,28-00117-0000-00002
11264477,5-100,active,895000.0,2426.0,48.4,40.1410484,-74.6502622,Crosswicks-Chesterfield Rd,Chesterfield,Burlington,Agricultural,"Agribusiness, Agricultural",commercial,"Stanley Skeba Commercial Realty, LLC",Stanley Skeba,6094480772,,,,,,,,,
8278258,5-100,active,,256.0,45.0,39.7795319,-74.9053366,1 CW Haines Blvd,Atco,Camden,Commercial,Commercial,PHB,Active Acquisitions,Seth Gerszberg,8483330880,2025-06-25,5500000.0,0435_204_2,pin,90,Active Acquisitions,9178564834,35-00204-0000-00002,35-00204-0000-00002
7270083,5-100,active,1695000.0,1969.0,7.89,39.521829,-75.0427789,N Delsea Dr,Vineland,Cumberland,Commercial,Commercial,I-B,Arqeo Management,David Lerman,2155454545,,,,,,Lerman Rosalie C,2156705881,14-00604-0000-00015,14-00604-0000-00015
22060342,5-100,active,11500000.0,64.0,48.43,40.1380359,-74.1519558,0 Easy St,Howell,Monmouth,Residential,"Agribusiness, Agricultural, Apartment Units, Apartment Units - Condo, Hospitality, Mixed Use, MultiFamily, Neighborhood Center, Pasture/Ranch, Religious Facility, Restaurant, Schools, Single Family Development",ARE2,ARC Real Estate,Sean Mulligan,6097314265,,,1321_46_15,near,85,Anthony Mauriello,3472583840,21-00042-0000-00060-02,21-00042-0000-00060-02-QFARM
20965118,5-100,active,,498.0,60.0,39.6451008,-75.1217705,1112 Elk Rd,Monroeville,Gloucester,Commercial,"Commercial, Industrial, Retail",C-2,Wolf Commercial Real Estate L.L.C.,Michael Scanzano,8564656637,,,,,,,,,
8353552,5-100,active,475000.0,1653.0,17.0,40.8825444,-74.5103561,387 Franklin Ave,Rockaway,Morris,Industrial,"Apartment Units, Apartment Units - Condo, Apartment Units - Senior, Distribution, Industrial, R&D, Single Family Development, Warehouse",Industrial,Coldwell Banker Commercial Realty,Doug McWilliams,9732630400,,,,,,,,,
11130736,5-100,active,7500000.0,2604.0,17.0,40.6805257,-75.1116142,Franklin Twp,Stewartsville,Warren,Industrial,,,,,,,,,,,,,07-00016-0000-00028,07-00016-0000-00028
20266060,5-100,active,490000.0,704.0,14.32,39.732745,-75.275115,510 Franklinville Rd,Swedesboro,Gloucester,Residential,Single Family Development,5A,"Warner Real Estate & Auction Co, Inc.",Richard Warner,8567694111,,,,,,,,,
763722,5-100,off-market,7500000.0,737.0,42.0,40.8954805,-74.6715451,N Frontage Rd,Landing,Morris,Commercial,"Commercial, Industrial, Office",LIOR,Team Resources,Ed Schein,2014381177,2014-02-04,,,,,Kpm Realty Associates Llc,,36-09601-0000-00001,36-09601-0000-00002
20504246,5-100,active,,542.0,45.22,39.5193163,-75.0504536,1419 W Garden Rd,Vineland,Cumberland,Industrial,Industrial,IB-Industrial Business,Newmark,Kurt Montagano,8563342124,,,,,,,,,
20911833,5-100,active,850000.0,537.0,20.31,39.7562051,-75.2991565,26 Garwin Rd,Woolwich,Gloucester,Commercial,Single Family Development,R-2,"Warner Real Estate & Auction Co, Inc.",Richard Warner,8567694111,,,,,,,,,
20911061,5-100,active,1250000.0,539.0,6.0,39.75881,-75.29782,48 Garwin Rd,Woolwich,Gloucester,Commercial,Commercial,CC,"Warner Real Estate & Auction Co, Inc.",Richard Warner,8567694111,,,,,,,,24-00010-0000-00005-01,24-00010-0000-00005-01
19737601,5-100,active,600000.0,431.0,9.87,39.692414,-75.034539,1240 Glassboro Rd,Williamstown,Gloucester,Commercial,"Commercial, Industrial, Retail",BP,David Sharrow,David Sharrow,6093527066,,,0811_14301_52,geo,70,David Sharrow,6093527066,,
21698824,5-100,off-market,929000.0,190.0,20.38,40.433527,-74.714155,213 Grandview Rd,Skillman,Somerset,Agricultural,,,"Stanley Skeba Commercial Realty, LLC",Stanley Skeba,6094480772,,,,,,,,,
12373513,5-100,active,,276.0,23.0,39.5769636,-75.4727455,83 Griffith St,Salem,Salem,Industrial,Industrial,M-2,Wolf Commercial Real Estate L.L.C.,Erin Warwick,8568576300,,,,,,,,,
20996696,5-100,active,,471.0,5.54,40.8430945,-74.2372418,251 1/2 Grove Ave,Verona,Essex,Commercial,Health Care,C-2,"NAI James E. Hanson, Inc.",Gregory James,2014885800,,,,,,,,20-01201-0000-00012,20-01201-0000-00012
21303526,5-100,active,,338.0,40.41,39.7525205,-74.2393432,160 Gunning River Rd,Barnegat Township,Ocean,Commercial,MultiFamily,R20,Hilco Global,Jamie Cote,8557552300,,,1501_174_47.01,pin,96,SUPOR JOSEPH JR MARITAL TRUST,,01-00174-0000-00013,01-00174-0000-00047-01
21772584,5-100,active,,163.0,10.11,40.2403028,-74.2513305,501 Halls Mill Rd,Freehold,Monmouth,Commercial,,M-1,"NAI James E. Hanson, Inc.",William Ericksen,9734631011,,,1317_49_46.032,near,61,,,17-00072-11-00001-05,17-00072-11-00001-06
6873135,5-100,active,1500000.0,1992.0,96.0,39.5981963,-75.1697835,0 Harding Hwy,Pittsgrove Township Salem,Salem,Commercial,"Commercial, Single Family Residence",,DePalma Realty,Larry DePalma,8568255500,,,,,,Briar Hill Investments LP,7138175058,11-00104-00040,11-00104-00040
22262665,5-100,active,,22.0,12.7,39.554582,-75.00227,1523 Harding Hwy,Newfield,Gloucester,Industrial,Industrial,HW,NAI Mertz,Sandro Randazzo,8567244256,,,,,,,,05-07203-0000-00019,05-07203-0000-00019
7892896,5-100,active,,263.0,9.0,39.7724901,-75.0421447,132 Hickstown Rd,Sicklerville,Camden,Commercial,Commercial,NC,Wolf Commercial Real Estate L.L.C.,Michael Scanzano,8564656637,,,0415_14002_4,pin,78,Sandberg Harry A & Marie R,,15-14002-0000-00004,15-14002-0000-00004
21549614,5-100,active,,254.0,30.4,40.06598,-74.2709458,315 Hope Chapel rd,Jackson Township,Ocean,Industrial,"Commercial, Industrial, Industrial Park, Warehouse",3A,Active Acquisitions,Seth Gerszberg,8483330880,,,,,,,,12-22301-0000-00024,12-22301-0000-00024
5625612,5-100,active,999000.0,1009.0,8.6821,39.79203,-75.099506,1750 Hurffville Rd,Deptford,Gloucester,Industrial,"Industrial, Truck Terminal",BC1,The Blau & Berg Company,Juan Disla,9733796644,2022-05-27,580000.0,0802_387.01_62,geo,74,SVIT Express Inc,2156074592,02-00387-01-00062,02-00387-01-00062
21541785,5-100,active,,259.0,20.63,40.5992303,-74.7069283,129 Industrial Pkwy,Branchburg,Somerset,Commercial,"Industrial, Industrial Park","I-1, 3A",Active Acquisitions,Seth Gerszberg,8483330880,,,,,,Active Acquisitions,9178564834,,
22020492,5-100,active,,79.0,8.821412,39.7846098,-75.1125025,12 International Ave,Sewell,Gloucester,Industrial,Industrial,LI2,KBC Advisors,Summer Coulter,9096364777,,,0802_417.01_10.01,geo,80,,,02-00417-01-00010-01,02-00417-01-00010-01
21050114,5-100,active,1164999.0,23.0,38.64,39.7383669,-74.932885,312 Lakedale Rd,Berlin,Camden,Agricultural,"Agribusiness, Garden Center, Mixed Use, Open Space, Public Park, Single Family Residence",PR1,Maguire & Partners Property Group,Gabriel Spector,6106682540,,,,,,James G Fianaris & Diane McDonald,8567680400,36-02701-0000-00008,36-02704-0000-00017-0000-QFARM
22217464,5-100,active,4000000.0,30.0,6.0,40.025225,-74.221789,1999 Lakewood Rd,Toms River,Ocean,Industrial,Mixed Use,LI,Crossroads Realty Inc.,Mark Kotzas,7322444900,,,1508_172_30,near,80,,,08-00172-0000-00032,08-00172-0000-00032
21544842,5-100,active,,256.0,42.6,39.7221822,-75.1559194,825 Lambs Rd,Mullica Hill,Gloucester,Commercial,"Commercial, Industrial, Industrial Park",A3,Active Acquisitions,Seth Gerszberg,8483330880,,,,,,Active Acquisitions,9178564834,08-00024-0000-00002-0001-QFARM,08-00024-0000-00003-0000-QFARM
7270138,5-100,active,899000.0,2670.0,25.0,39.4861724,-74.9799943,2432 E Landis Ave,Vineland,Cumberland,Residential,"Agricultural, Planned Unit Development, Single Family Development",,Advisors Realty Inc.,Aaron Ivatorov,2122011230,,,0614_3202_72.01,geo,89,B & S Partners,8566917000,,
7202658,5-100,active,,1969.0,28.48,39.4821092,-74.9568793,3703 E Landis Ave,Vineland,Cumberland,Commercial,"Commercial, Office, Retail",B-4,Arqeo Management,David Lerman,2155454545,,,,,,Lerman Miles,2156705881,14-04503-0000-00001,14-04503-0000-00034
10587547,5-100,active,,421.0,6.21,39.8281222,-75.0786473,LOWER LANDING Rd,Blackwood,Camden,Commercial,"Commercial, Distribution, Health Care, Health Club, Hold for Development, Hold for Investment, Hospitality, Hotel, Industrial, Medical, Mixed Use, MultiFamily, Office, Office Park, Planned Unit Development, Retail, Retail Warehouse, Schools, Storefrnt Retail/Residntl, Storefront, Storefront Retail/Office, Strip Center, Warehouse",HC - WSRA (Redev),Serhant New Jersey LLC,Arianna Nieves,7077395778,,,0415_4301_2,near,29,Joseph K Caracciolo,,15-02301-0000-00006,15-02301-0000-00006
20993841,5-100,active,1300000.0,473.0,94.14,40.3685075,-74.8443569,12 Lynnbrook Dr,Lambertville,Mercer,Residential,Commercial,MRC,BHHS Fox & Roach,Rocco D'Armiento,2679808546,,,,,,,,,
21456320,5-100,off-market,,297.0,33.7,39.8992356,-74.5999004,942 Magnolia Rd,Southampton,Burlington,Commercial,"Agribusiness, Agricultural, Car Wash, Convenience Store, Day Care Center, Fast Food, Garden Center, Lodge/Meeting Hall, Medical, Open Space, Religious Facility, Restaurant, Retail, Schools, Single Family Development, Single Family Residence",Forest B,Atlantic Coastal Real Estate LLC,Christopher Conway,2017205310,,,,,,,,,
15604218,5-100,active,1700000.0,1153.0,7.52,39.5069268,-74.9943498,1504 Main Rd,Vineland,Cumberland,Commercial,Commercial,B3,Frank Marghella,Frank Marghella,6096854473,,,0614_1801_67.01,near,83,Frank Marghella,8566924659,,
1348991,5-100,active,2200000.0,760.0,6.6,40.2805434,-74.3333619,405 Main St,Manalapan Township,Monmouth,Commercial,Self-Storage,LBD,Century 21 Burke Realty,John Burke,7326586800,,,,,,Nicholas Campanella,7328451441,,
9541232,5-100,active,,71.0,11.97,39.7790038,-75.1669782,455-461 Main St,Mantua,Gloucester,Commercial,Commercial,R4,Wolf Commercial Real Estate L.L.C.,Michael Scanzano,8564656637,2024-12-01,785000.0,0810_147_17,near,81,DiAntonio & Bongiovanni Builders,2158529287,10-00160-0000-00013,10-00160-0000-00013
21466483,5-100,active,699000.0,294.0,10.334265,39.7428193,-74.2331824,179 S Main St,Barnegat,Ocean,Commercial,"Auto Repair, Bank, Car Wash, Cemetery/Mausoleum, Commercial, Contractor Storage Yard, Convenience Store, Funeral Home, Garden Center, Hospitality, Hotel, Lodge/Meeting Hall, Lumberyard, Mixed Use, Police/Fire Station, Public Library, Religious Facility, Retail, Retail Warehouse, Schools, Self-Storage, Shelter, Spclty/Festvl/Entertnmnt, Storefront Retail/Office, Trailer/Camper Park, Truck Terminal, Veterinarian/Kennel, Warehouse",CPHD,Rosetto Realty Group LLC,Ronald Rosetto,7322446700,,,1501_174_45,pin,87,Watts Kenneth & Catherine,,01-00174-0000-00045,01-00174-0000-00045
21945289,5-100,active,1500000.0,100.0,7.0,39.6795545,-74.9864515,Main Street,Williamstown,Gloucester,Commercial,"Agricultural, Commercial, Retail",RD-C,LEP Commercial Real Estate LLC,Linda Perez,6092203254,,,,,,,,11-03302-0000-00012,11-03302-0000-00012
10438588,5-100,active,300000.0,3299.0,8.0,39.6813622,-74.9525364,E Malaga Rd,Williamstown,Gloucester,Residential,"Hold for Development, MultiFamily, Single Family Development, Single Family Residence",RSA5,The Flynn Company,Cindy Weiner,2155616565,,,,,,,,11-02702-0000-00007,11-02702-0000-00007
21511724,5-100,active,3000000.0,273.0,26.0,39.7792718,-75.1530671,560 Mantua Blvd,Sewell,Gloucester,Industrial,Commercial,LI,"Markeim Chalmers, Inc",Fred Berlinsky,8563245190,,,,,,,,10-00170-0000-00003-0000-QFARM,10-00170-0000-00003-0000-QFARM
13831160,5-100,active,499900.0,1334.0,6.7,40.6233925,-74.4501171,20 Maple St,Green Brook,Somerset,Agricultural,"Single Family Residence, Storefrnt Retail/Residntl",MP,First New Jersey Real Estate Network Inc,Robert Berlant,7328938234,,,1809_157_13.02,pin,89,,,09-00157-0000-00013-02,09-00157-0000-00013-02
21863965,5-100,active,3200000.0,129.0,24.29,40.461461,-74.551532,583 Middlebush rd,Somerset,Somerset,Commercial,,A,Davis Commercial,Brian Walsh,7322541600,,,1808_36.01_6.03,geo,59,SAI DATTA MANDIR INC,,08-00036-01-00006-03,08-00036-01-00006-03
10595102,5-100,active,,276.0,5.35,40.164509,-74.419146,514-516 Monmouth Rd,Millstone,Monmouth,Commercial,"Commercial, Retail",HC,The Blau & Berg Company,Scott Savastano,9733796644,,,1333_59_9.05,near,4,,,33-00059-0000-00014,33-00059-0000-00014-01
21657255,5-100,active,2800000.0,66.0,5.5,40.164441,-74.4168752,525 Monmouth Rd,Jackson,Ocean,Commercial,"Commercial, Medical, Retail",HC,Colliers,Douglas Twyman,7328070338,,,1333_60.01_20.01,near,15,,,12-02901-0000-00002,12-02901-0000-00028
10940828,5-100,active,10900000.0,977.0,46.0,40.0816244,-74.54,951-959 Monmouth Rd,Cream Ridge,Ocean,Industrial,"Apartment Units, Apartment Units - Condo, Hold for Development, Industrial, Planned Unit Development, Single Family Development",LI-2,Brayco Inc.,Dan Heimall,7324252059,,,,,,,,24-00040-0000-00007-0000-QFARM,24-00040-0000-00016
19849167,5-100,active,,535.0,9.41,39.908858,-75.095887,2820 Mt. Ephraim Ave,Camden,Camden,Commercial,"Industrial, Industrial Live/Work Unit, Warehouse",C-3,The Flynn Company,David Ricci,2155616565,,,,,,,,,
11615909,5-100,active,3200000.0,2017.0,28.35,39.7269943,-75.1866063,368 Mullica Hill Rd,Mullica Hill,Gloucester,Commercial,"Commercial, Hold for Development, Hold for Investment, Single Family Development, Single Family Residence, Warehouse",C,Rose Commercial Real Estate,Adam Rose,8569859522,,,,,,DAMMINGER RUDOLPH O,,,
9828749,5-100,active,,4041.0,10.85,39.9706629,-74.9708044,375 New Albany Rd,Moorestown,Burlington,Commercial,"Industrial, Office, Warehouse",SRC-1 & BP,Stevens Real Estate,Matt Stevens,8562221000,,,,,,Stevens Real Estate,8562221000,22-00800-0000-00004-0000-QFARM,22-00800-0000-00004-0000-QFARM
21883627,5-100,active,2900000.0,122.0,15.26,40.2615855,-74.4453309,840 New Jersey 33 Hwy,Monroe Township,Middlesex,Commercial,"Commercial, Self-Storage, Unknown",Highway Development Com,BHHS Robbinsville NJ,Brian Smith,6098903300,,,,,,Federal Business Centers,7322252200,12-00003-0000-00016-0000-QFARM,12-00003-0000-00017-0000-QFARM
21050002,5-100,active,,409.0,14.42,39.8231345,-74.9302747,73 New Jersey 73,Voorhees Township,Camden,Commercial,,MB,Carlyle Management Company,Gerry Simon,9142320795,,,0434_272_4,pin,85,CLOSE REALTY LLC,,34-00272-0000-00004,34-00272-0000-00004
10536882,5-100,active,,654.0,5.73,40.2583765,-74.4016701,479-497 NJ 33,Millstone,Monmouth,Commercial,"Bank, Strip Center",PCD,The Blau & Berg Company,Scott Savastano,9733796644,,,,,,,,33-00023-0000-00011-0000-QFARM,33-00023-0000-00011-0000-QFARM
13848454,5-100,active,,197.0,20.0,40.2604169,-74.4138408,535 NJ-33,Millstone,Monmouth,Commercial,"Distribution, Industrial, Warehouse","RU-P, 3B",Active Acquisitions,Seth Gerszberg,8483330880,,,,,,Active Acquisitions,9178564834,33-00023-0000-00003-02-QFARM,33-00023-0000-00003-02-QFARM
17006964,5-100,active,,429.0,10.13,39.8390013,-74.9243258,178 NJ-73,Voorhees Township,Camden,Commercial,"Health Care, Retail",MB,NAI Mertz,John Adderly,8563351080,,,0434_229_15,pin,85,,,34-00229-0000-00015,34-00229-0000-00015
11251622,5-100,active,2250000.0,232.0,10.5,41.20087,-74.48281,321 Nj-94,Vernon,Sussex,Commercial,"Apartment Units - Condo, Health Club, Hospitality, Medical, Mixed Use, Neighborhood Center, Outlet Center, Retail, Storefront, Storefront Retail/Office",TC,Mountain Properties,Steven Rosal,9738276767,,,1922_411_9,near,52,,,,
741196,5-100,active,,1157.0,10.0,39.668599,-75.096534,932 North Delsea Dr,Clayton,Gloucester,Commercial,Mixed Use,HB,Binswanger,Michael Torsiello,2154486210,,,0801_1902_24,geo,80,,,,
21926657,5-100,active,1400000.0,107.0,12.42,41.181277,-74.5613057,5 Oxbow Ln,Hamburg,Sussex,Residential,"Commercial, Mixed Use, MultiFamily, Single Family Development, Single Family Residence, Storefrnt Retail/Residntl, Strip Center",Residential/Commercial,Mountain Properties,Glenn R Schechter,9734458642,,,1922_578_19,near,55,,,,
9212998,5-100,active,,241.0,11.7,39.9774042,-74.7556196,1807 S Pemberton Rd,Lumberton,Burlington,Industrial,"Industrial, Warehouse",I2,Newmark,Kurt Montagano,8563342124,2014-12-05,588854.0,,,,HLM Enterprises Inc,,17-00023-0000-00004-01,17-00023-0000-00004-01
12804343,5-100,active,,1484.0,15.13,40.4562208,-74.4749516,93 Pennsylvania Way,North Brunswick,Middlesex,Commercial,Commercial,PUD,Curran Commercial,Ryan Curran,7323593203,,,1214_143.04_65.01,geo,58,,,14-00143-04-00065-01,14-00143-04-00065-01
13848906,5-100,active,,148.0,67.35,39.6721157,-75.3999394,24 Pointers Auburn Rd,Pilesgrove,Salem,Commercial,"Industrial, Industrial Park",3A,Active Acquisitions,Seth Gerszberg,8483330880,,,,,,Active Acquisitions,9178564834,02-00255-0000-00011,02-00255-0000-00011
19115615,5-100,off-market,10000000.0,983.0,28.0,40.1426293,-74.2939866,316 Pomponio Pl,Jackson,Ocean,Commercial,,LC,Century 21 Action Plus Realty,Thomas Hogan,8002992129,,,,,,,,12-05101-0000-00002,12-05101-0000-00057
21916954,5-100,active,1700000.0,112.0,11.04,40.2896843,-74.5770308,372 Princeton Hightstown Rd,West Windsor Township,Mercer,Commercial,,B-4,Weichert Realtors,Joseph Miczak,7326823740,,,1113_22_21,near,39,,,13-00028-0000-00002,13-00028-0000-00002
13923606,5-100,active,15225000.0,1235.0,14.5,40.281634,-74.67516,4080-4100 Quakerbridge,Lawrenceville,Mercer,Commercial,Auto Dealership,HC,"Fennelly Associates, Inc.",Gerard 'Jerry' Fennelly,6095200061,,,1107_4202_1.04,near,54,,,,
11811026,5-100,active,3990000.0,140.0,7.0,40.00815,-74.8564,598 Rancocas Rd,Westampton,Burlington,Commercial,Self-Storage,B-1,Forge Commercial Real Estate,Jeff Arnold,6097076001,,,,,,Rancocas Holdings LLC,,37-00201-0000-00010,37-00201-0000-00010
4494905,5-100,active,4200000.0,86.0,46.0,40.2943886,-74.7937849,Reed Rd & Denow Rd,Pennington,Mercer,Industrial,Industrial,SI,"Commercial Property Network, Inc.",Paul Goldman,6095771084,,,,,,Reed Road Industrial Park 1 Llc,,06-00088-0000-00033-99-QFARM,06-00088-0000-00033-99-QFARM
11466877,5-100,active,,854.0,9.9,40.1180202,-74.8266756,River Rd,Burlington Township,Burlington,Industrial,"Commercial, Industrial",I-2,NAI Mertz,Sandro Randazzo,8567244256,,,0306_154.03_5,geo,43,"Ramos, Jose",2157934070,06-00154-03-00005,06-00154-03-00005
7617787,5-100,active,,449.0,14.0,40.1128748,-74.8294546,River Rd,Burlington Township,Burlington,Commercial,Industrial,I-2,Newmark,Kurt Montagano,8563342124,,,0306_154.01_3,geo,51,,,06-00154-01-00003,06-00154-01-00003
21387698,5-100,active,2000000.0,317.0,62.0,39.4350722,-75.3034929,602 Roadstown Rd,Bridgeton,Cumberland,Agricultural,Agricultural,commercial,F.Fisher and Company L.L.C.,Stephen Hannelly,2013908224,,,,,,,,,
21690626,5-100,active,20500000.0,192.0,20.0,40.862288,-74.59654,792 Route 10 w,Randolph,Morris,Commercial,"Apartment Units, Apartment Units - Senior, MultiFamily",OL,AVNU Realty Group LLC,Francis Radici,9738654755,,,,,,,,32-00042-0000-00005,32-00042-0000-00005
21421081,5-100,active,1280000.0,305.0,12.28,40.1276751,-74.7308116,TBD Route 130 - Tax Blk:138.01 Lot:41 Hwy,Bordentown,Burlington,Commercial,"Bank, Car Wash, Commercial, Community Center, Convenience Store, Day Care Center, Fast Food, General Freestanding, Hospitality, Hotel, Office, Restaurant, Retail, Strip Center",AH-1 Commercial & Res,"Keller Williams Realty, Commercial Group",Michael Briehler,6096586423,,,0304_138.01_41,geo,31,,,,
15645692,5-100,active,2700000.0,142.0,12.31,40.4845,-74.861226,198 Route 202,Flemington,Hunterdon,Commercial,"Auto Dealership, Auto Salvage Facility, Contractor Storage Yard, Industrial, Industrial Park, Lumberyard, Parking Lot, Trailer/Camper Park, Truck Terminal, Warehouse",B-2,Berkshire Hathaway HomeServices Fox&Roach Realtors,John Carriere,9085810300,,,,,,"P&L Investments, LLC",2026521071,,
7760251,5-100,active,1000000.0,1628.0,6.0,41.1127842,-74.7206394,16 Route 206,Augusta,Sussex,Commercial,Commercial,LI,Lee & Associates Commercial Real Estate Services,Scott Deutchman,9734757051,,,,,,Flag Associates,,05-00016-0000-00001-01,05-00016-0000-00001-02
9306063,5-100,active,395000.0,30.0,20.0,39.6521437,-74.7882817,55 Route 206,Hammonton,Atlantic,Commercial,Commercial,B-2,Sail Lake Realty,Michelle McMaster,6099576090,,,0113_4601_21,geo,69,Maple Run Enterprises,6095610111,,
10953913,5-100,active,1050000.0,2820.0,7.2,39.896422,-74.741857,1823 Route 206,Southampton,Burlington,Commercial,Neighborhood Center,HC,"Tri-State Business Service, Inc",Mike Miller,6098592829,,,0333_2203_14,pin,43,Southampton Dg Llc,,33-02203-0000-00014,33-02203-0000-00014
21346100,5-100,active,6000000.0,335.0,11.0,39.9694036,-74.7370229,2345 Route 206,Southampton,Burlington,Commercial,"Auto Dealership, Bank, Car Wash, Commercial, Convenience Store, Day Care Center, Fast Food, Medical, Neighborhood Center, Office, Outlet Center, Restaurant, Retail, Service Station, Storefront Retail/Office, Strip Center, Warehouse",HC,LEP Commercial Real Estate LLC,Linda Perez,6092203254,,,,,,,,,
10162189,5-100,active,5500000.0,289.0,20.67,40.641957,-74.852835,1457-1461 Route 22,Annandale,Hunterdon,Commercial,"Commercial, Office, Retail, Self-Storage",C-ROM; C-2; ROM-3.,"NAI James E. Hanson, Inc.",Sig Schorr,9732402116,,,,,,Nancy R Wilbert,,06-00014-0000-00006,06-00014-0000-00007-0000-Q0074
21040130,5-100,active,3200000.0,436.0,5.5,40.597285,-74.6798407,3083 Route 22 E,Branchburg,Somerset,Industrial,Industrial,I1,Bussel Realty,Leo Esses,7322873777,,,,,,BH PROPERTIES ASSOCIATES LLC,,05-00010-0000-00008,05-00010-0000-00008
7051697,5-100,active,5400000.0,586.0,12.0,40.3411883,-74.7946263,38 Route 31 N,Pennington,Mercer,Commercial,"Commercial, Industrial, Office, Retail",IC / OC,"Commercial Property Network, Inc.",William Barish,6099218844,2008-06-30,2300000.0,,,,,,06-00048-0000-00008-0012,06-00048-0000-00008-0012
9094736,5-100,active,,416.0,6.0,39.7622664,-75.3115683,Route 322,Woolwich,Gloucester,Commercial,"Industrial, Office, Retail",CC - Corridor Commercial,Wolf Commercial Real Estate L.L.C.,Corey Hassman,8568576300,2024-06-03,1350000.0,,,,Downs Jeffrey,,24-00007-0000-00004-0000-QFARM,24-00007-0000-00004-0000-QFARM
12511848,5-100,active,4250000.0,931.0,23.0,40.2238363,-74.1641343,1210 Route 33,Farmingdale,Monmouth,Commercial,Mixed Use,HD3,Resources Real Estate,Christine Whelan,7322120440,2022-09-01,2000000.0,,,,Difazio Industries,7187206966,21-00185-0000-00046,21-00185-0000-00046
6762952,5-100,off-market,5200000.0,5981.0,5.5,39.9825141,-74.7988446,1569-1573 Route 38,Lumberton,Burlington,Commercial,Retail,B-2,"Legend Properties, Inc.",Steven DePetris,8562311010,,,,,,1573 Route 38 Llc,,17-00008-0000-00003,17-00008-0000-00003
12016613,5-100,active,2300000.0,1988.0,16.0,39.6784585,-75.4682967,367-369 Route 40,Carneys Point,Salem,Commercial,"Agricultural, Commercial",A,COMPASS,Natalie Jeker,2674358015,,,1702_265_5,near,24,Josefina Jeker,6092026547,02-00265-00001,02-00265-00007
21014697,5-100,active,,458.0,6.419529,39.5894404,-75.4525394,195-205 Route 45,Salem,Salem,Commercial,Commercial,GC & MR,NAI Mertz,Sandro Randazzo,8567244256,,,,,,,,06-00062-0000-00008,06-00062-0000-00010
10705541,5-100,active,,2011.0,10.79,40.894751,-74.2547156,263 Route 46,Wayne,Passaic,Commercial,"Car Wash, Office, Retail",HC,The Blau & Berg Company,Scott Savastano,9733796644,,,1614_300_6.03,near,54,"Jos. L. Muscarelle, Inc",2018458100,,
9494887,5-100,active,,2122.0,5.9,40.8935258,-74.2429451,514 Route 46,Wayne,Passaic,Commercial,Retail,Commercial,"NAI James E. Hanson, Inc.",Dick Hecker,2014885800,,,,,,Robbies Inc,,,
19284744,5-100,active,,947.0,10.0,39.9234219,-75.0411112,2200 Route 70 W,Cherry Hill,Camden,Commercial,Commercial,,CBRE,Adam Kohler,4845672460,,,0409_55.01_1,geo,80,,,,
10263430,5-100,active,,3394.0,28.82,39.126818,-74.779369,1574 N Route 9,Cape May Court House,Cape May,Commercial,Commercial,,CBRE,Rick Weinberg,4845672812,,,0506_114_26.02,geo,47,,,,
11142344,5-100,active,1100000.0,1970.0,6.0,41.19785,-74.49063,277 Route 94,Vernon,Sussex,Commercial,"Commercial, Mixed Use, Retail, Storefrnt Retail/Residntl, Storefront Retail/Office, Strip Center",TC Town Center Commercial,Berkshire Hathaway Gross & Jansen Realtors,Kevin Colman,9739036842,,,,,,,,,
19716247,5-100,active,,848.0,5.1,40.512584,-74.8412609,34 Royal Rd,Flemington,Hunterdon,Commercial,Commercial,I-2,The Blau & Berg Company,Alex Dombrowski,9733796644,,,,,,Mavrode Michael & Demtra,,21-00036-0000-00026-0000-Q0269,21-00036-0000-00026-0000-Q0269
4219,5-100,active,,10054.0,34.999999,40.5612251,-74.7064226,Rt 206,Branchburg,Somerset,Commercial,Office,Office/Research,"Murray Construction Co, Inc.",Brian Fitzsimons,9733767650,,,,,,"Murray Construction Co, Inc.",9733767650,,
691379,5-100,active,,680.0,30.0,39.8461464,-74.9220091,214 Rt 73,Voorhees,Camden,Commercial,Mixed Use,"O3, Voorhees Twp",Wolf Commercial Real Estate L.L.C.,Jason Wolf,8568576300,2004-12-15,2250000.0,0434_225_1,pin,56,"Tequesta Properties, Inc.",8565521140,34-00225-0000-00001,34-00225-0000-00001
7616122,5-100,active,2100000.0,228.0,10.0,39.7368554,-74.9063128,Rt 73 & Tom Wells,Berlin,Camden,Residential,"Commercial, MultiFamily, Restaurant, Retail, Storefront Retail/Office, Strip Center, Supermarket",PR4,EXIT MBR REALTY,Michael Bruccoliere,8566672000,,,0436_3204_2,geo,91,William H Williams,8149468682,36-03204-0000-00001,36-03204-0000-00001
9561108,5-100,off-market,865000.0,1383.0,62.0,39.5528686,-75.4229722,842 Salem Quinton Rd,Quinton,Salem,Commercial,"Agribusiness, Agricultural, Winery/Vineyard",LI/O,LEP Commercial Real Estate LLC,Linda Perez,6092203254,2026-01-29,,,,,Vansciver Van Sciver,,12-00006-0000-00009-01,12-00006-0000-00009-01
20921503,5-100,active,850000.0,529.0,16.26,40.169248,-74.542541,70 Sharon Station Rd,Allentown,Monmouth,Residential,,AR,"Legacy Commercial Realty, LLC",Matt Miller,7323336380,,,,,,,,51-00024-0000-00001-0000-QFARM,51-00024-0000-00001-0000-QFARM
11312737,5-100,active,4500000.0,521.0,6.0,40.9336959,-75.0993058,14 Simpson Rd,Columbia,Warren,Commercial,,C-2,"NAI James E. Hanson, Inc.",Sig Schorr,9732402116,,,,,,,,13-00012-0000-00011-0000-QFARM,13-00012-0000-00011-0000-QFARM
11535620,5-100,active,1500000.0,2131.0,13.4,40.35435,-74.38408,517 Spotswood Englishtown Rd,Monroe Township,Middlesex,Residential,,Commercial,Mid-State Realty,John Profaci,7322518900,,,,,,,,,
13807869,5-100,active,5800000.0,753.0,10.03,40.169771,-74.156597,289 Squankum Rd,Howell,Monmouth,Commercial,Industrial,SED,Richel Commercial Brokerage,Steven Richel,7327200538,,,1321_49_1,near,32,,,,
7124982,5-100,active,3800000.0,2017.0,8.28,39.9593898,-74.3933991,1206 State Highway Route 70,Manchester,Ocean,Commercial,"Drug Store, Health Care, Hospital, Hospitality, Medical, Mixed Use, Office, Restaurant, Retail",CB,Gillen Realty Inc,Timothy Gillen,7322409600,,,1519_111_2,geo,85,Tmr Enterprises Llc,,,
12749142,5-100,active,699000.0,65.0,11.02,41.350149,-74.6825626,20 State Route 23,Montague,Sussex,Commercial,"Casino, Commercial, Convenience Store, Department Store, Distribution, Fast Food, Health Care, Health Club, Hospital, Industrial, Industrial Park, Lumberyard, Medical, Office Park, R&D, Regional Mall, Restaurant, Retail, Retail Warehouse, Self-Storage, Truck Stop, Truck Terminal, Warehouse",TSC,"Krumpfer Realty Group, LLC",Joseph Krumpfer,9732930085,,,1914_2_5.03,pin,60,,,14-00002-0000-00005-03,14-00002-0000-00005-04
10845266,5-100,off-market,2500000.0,2702.0,5.81,40.4665484,-74.5016367,1613 State Rt 27,Somerset,Somerset,Commercial,"Apartment Units - Senior, Self-Storage",commercial,REMCO Realty Group,Peter Gallicchio,7322530888,,,,,,FAMA FAMILY LLC,,08-00085-0000-00058,08-00085-0000-00058
22293587,5-100,active,2250000.0,10.0,8.0,40.498107,-74.64047,104 Steinmetz Rd,Hillsborough,Somerset,Industrial,"Agribusiness, Agricultural, Auto Repair, Commercial, Industrial Live/Work Unit, Planned Unit Development, R&D, Warehouse",TECD Trans Econ Dev Dist,Coccia Realty Better Homes & Gardens/lyndhurst,George Rosko,2012180841,,,,,,,,10-00200-10-00009,10-00200-10-00009
21661426,5-100,active,4800000.0,210.0,5.0,40.695203,-75.154265,189 Strykers Rd,Phillipsburg,Warren,Industrial,Industrial,HB,RE/MAX UNLIMITED REAL ESTATE,Glenn Fritts,6102664000,,,2115_100_6.03,near,55,TILCON NEW YORK INC,,15-00100-0000-00006-0000-Q0069,15-00100-0000-00006-0000-Q0069
9204533,5-100,active,,4714.0,12.77,40.0491588,-74.8669019,Sunset Rd & Amherst Rd,Burlington Township,Burlington,Commercial,"Commercial, Retail, Single Family Residence",B3 & R12,Monarch Realty Corp,Charles  'Chip' Philibosian,2015692323,,,0306_105_5,pin,81,,,06-00105-0000-00005,06-00105-0000-00005
8177953,5-100,active,,4356.0,35.71,39.7545983,-75.2607225,Tomlin Station Rd,Mullica Hill,Gloucester,Commercial,"Commercial, Industrial, Mixed Use, Office, Retail, Warehouse",C55,"Swope Lees Commercial Real Estate, LLC",Charles Swope,6104290200,,,,,,,,,
20277479,5-100,active,399999.0,696.0,15.32,39.61884,-75.0007303,3292 Tuckahoe Rd,Franklinville,Gloucester,Commercial,Commercial,Pinelands C-3,Weichert Realtors - Washington Township,Kathleen Hansbury,8562271950,,,0805_1001_70,near,51,,,05-00703-0000-00012-0000-QFARM,05-00703-0000-00012-0000-QFARM
20258511,5-100,active,,710.0,27.76,40.2728897,-74.2930917,4189 Us 9,Freehold,Monmouth,Commercial,,CM3A,The Blau & Berg Company,Scott Savastano,9733796644,,,,,,,,17-00006-0000-00037-01,17-00006-0000-00037-01
11061059,5-100,active,3400000.0,36.0,7.9,40.2390335,-74.5790542,1305-1325 US Highway 130,Robbinsville,Mercer,Commercial,"Agribusiness, Agricultural, Auto Dealership, Bank, Bar, Baseball Field, Bowling Alley, Car Wash, Commercial, Community Center, Contractor Storage Yard, Convenience Store, Day Care Center, Department Store, Drug Store, Fast Food, Food Processing, General Freestanding, Golf Course/Driving Range, Health Care, Health Club, Hold for Development, Hold for Investment, Horse Stables, Hospital, Hospitality, Hotel, Lodge/Meeting Hall, Medical, Mixed Use, Motel, Movie Theater, Movie/Radio/TV Studio, Neighborhood Center, Office, Office Park, Open Space, Outlet Center, Public Park, Public Swimming Pool, R&D, Refrigeration/Cold Stor, Regional Mall, Rehabilitation Center, Religious Facility, Restaurant, Retail, Retail Warehouse, Schools, Self-Storage, Service Station, Shelter, Spclty/Festvl/Entertnmnt, Storefrnt Retail/Residntl, Storefront, Storefront Retail/Office, Strip Center, Supermarket, Theater/Concert Hall, Truck Stop, Truck Terminal, Winery/Vineyard",HC,Action USA Jay Roberts Realtors,Paul Hummel,6098906858,,,,,,Mackey George N,,,
22316193,5-100,active,,2.0,6.63,40.1174171,-74.7539734,5254 US Highway 130,Bordentown,Burlington,Commercial,,LI,Avison Young,Jim Scott,2159321157,,,0318_67_1,near,34,Harmandip Ghuman,8562357260,18-00064-0000-00008,18-00064-0000-00008
21043175,5-100,off-market,2995000.0,434.0,7.88,40.4848479,-74.6536644,812-822 US Highway 206,Hillsborough,Somerset,Commercial,"Commercial, Community Center, Hospitality, Hotel, Medical, Mixed Use, Neighborhood Center, Office Park, Rehabilitation Center, Religious Facility, Restaurant, Retail, Theater/Concert Hall",HS,Keller Williams Cornerstone,Andrew Sprecher,9084320656,,,,,,Ken Crane,9082955106,10-00177-13-00068,10-00177-13-00070
11197830,5-100,active,3300000.0,2515.0,33.93,40.6420981,-74.8484604,1421 US Highway 22,Clinton Township,Hunterdon,Commercial,"Commercial, Day Care Center, Health Care, Industrial Park, Medical, Office Park, R&D, Rehabilitation Center, Retail, Single Family Development",C-ROM,Coldwell Banker Commercial Realty,James Robinson,9087826850,,,,,,,,06-00014-0000-00005-0000-Q0075,06-00014-0000-00005-0000-Q0075
21478387,5-100,active,18000000.0,288.0,22.7,40.00689,-74.21465,1579 US Highway 9,Toms River,Ocean,Commercial,,,Keller Williams,Michael Little,7327979001,,,,,,,,,
21341141,5-100,active,18000000.0,337.0,22.7,40.00827,-74.2132,1599 US Highway 9,Toms River,Ocean,Commercial,"Office, Self-Storage, Warehouse",commercial,Keller Williams,Michael Little,7327979001,,,,,,,,,
11528298,5-100,active,4500000.0,175.0,49.41,40.9790623,-74.7387409,72 US-206,Byram Township,Sussex,Commercial,Mixed Use,Commercial,Fairclough Realtors,Lisa Fairclough,9737267800,,,,,,,,,
20826234,5-100,active,549900.0,615.0,40.0,40.8725274,-74.8965905,260 US-46,Great Meadows,Warren,Commercial,Single Family Development,RES,Century 21-The Crossing,Jason Dion,8622142758,,,,,,,,,
21522475,5-100,active,179000.0,268.0,6.1,40.939552,-75.047958,143 Vail Rd,Columbia,Warren,Residential,Single Family Residence,FPD,Realty One Group Next Door,Michael Del Cioppo,9087770599,,,2113_44.01_46,geo,38,,,2113_44.01_46,2113_44.01_46
7856897,5-100,active,1750000.0,340.0,5.02,40.2790088,-74.6693438,834 Village Rd W,West Windsor,Mercer,Commercial,"Bank, Commercial, Drug Store, Hospital, Medical, Office, Office Park",ROM4,Wolf Commercial Real Estate L.L.C.,Corey Hassman,8568576300,2017-08-21,,1113_15.14_24,geo,42,Rathi Raja,,13-00015-14-00024,13-00015-14-00024
12734894,5-100,active,,93.0,9.07,39.4466958,-75.0536456,1291 W Sherman Avenue,Vineland,Cumberland,Commercial,"Medical, Office, Retail",R-3,Wolf Commercial Real Estate L.L.C.,Ryan Barikian,8568576300,,,0614_6101_32,near,88,,,14-07001-0000-00002,14-07001-0000-00002
22274776,5-100,active,900000.0,16.0,16.0,40.2949408,-74.0951996,2010 Wayside Rd,Tinton Falls,Monmouth,Residential,"Planned Unit Development, Single Family Residence",R-1,Stafford Smith Realty,Ray Smith,7327471000,,,,,,,,49-00088-0000-00002-02,49-00088-0000-00002-02
22287783,5-100,active,1350000.0,11.0,34.0,40.474268,-74.7552973,111 Wertsville Rd,Hillsborough,Somerset,Commercial,"Agricultural, Community Center, Public Park, Single Family Residence",MZ,RE/MAX InStyle Realty,Antonio DeCicco,6093033456,,,,,,,,,
7766522,5-100,active,1500000.0,281.0,11.5,39.6337339,-74.7717359,525 S White Horse Pike,Hammonton,Atlantic,Commercial,"Commercial, Convenience Store, Drug Store, Fast Food, Medical, Mixed Use, MultiFamily, Retail, Storefrnt Retail/Residntl, Storefront, Storefront Retail/Office, Strip Center, Supermarket, Warehouse",HB,Zachmar Inc.,Robert Zochowski,5616324235,,,0113_4302_13,near,48,Richard Zochowski,7322190533,13-03902-0000-00005,13-03902-0000-00005
10953900,5-100,off-market,795000.0,2820.0,11.06,39.719275,-74.968665,Williamstown Rd,Sicklerville,Camden,Commercial,Neighborhood Center,MC,"Tri-State Business Service, Inc",Mike Miller,6098592829,,,0436_2204_12,pin,85,Eil Investments Lp,,36-02204-0000-00012,36-02204-0000-00012
20295792,5-100,active,,672.0,7.31,40.02476,-74.851823,507 Woodlane Rd,Mount Holly,Burlington,Commercial,,R-4 / C,NAI Mertz,Jonathan Klear,8564331801,,,,,,,,37-00401-0000-00004-0000-QFARM,37-00401-0000-00004-0000-QFARM
19840173,5-100,active,12000000.0,773.0,40.0,40.26865,-74.681792,10 Youngs Rd,Hamilton,Mercer,Commercial,"Industrial, Warehouse",MFG,"Fennelly Associates, Inc.",Gerard 'Jerry' Fennelly,6095200061,,,,,,,,,
19729942,5-100,active,2450000.0,150.0,20.0,40.188918,-74.602242,3 Circle Dr,Trenton,Mercer,Commercial,,RR,Site Search of New Jersey Corporation,Mark Olinsky,6097314111,,,,,,,,,
19679877,5-100,active,,339.0,8.78,40.7397594,-74.1540799,1000-1002 Frank E Rodgers Blvd S,Harrison,Hudson,Commercial,"Hotel, MultiFamily, Office, Retail, Storefrnt Retail/Residntl, Storefront Retail/Office",RDA,,,,,,,,,"Madison Realty Capital Advisors, LLC",6468687600,04-00136-0000-00001-07,04-00136-0000-00001-07
21382744,5-100,active,,318.0,7.9,40.6329339,-74.9647881,37 Frontage Rd,Clinton,Hunterdon,Industrial,Industrial,commercial,"Cushman & Wakefield of New Jersey, LLC.",Warren Searles,9739086106,,,,,,,,,
10995056,5-100,active,,59.0,33.0,39.4813577,-74.5649541,245 Jimmie Leads Rd,Galloway,Atlantic,Commercial,"Agricultural, Commercial, Planned Unit Development, Retail",R-5C,Buyers Choice Automotive Inc,Joe Ryan,4049889921,2019-04-15,115000.0,,,,Buyers Choice Automotive Inc,,11-00645-0000-00001,11-00645-0000-00002
20285082,5-100,active,1900000.0,689.0,18.0,40.8164896,-75.0132929,177 Mount Pisgah Ave,Oxford,Warren,Industrial,"Commercial, Industrial, Warehouse",LI,"Weichert Commercial Brokerage, Inc.",John Fera,9732677778,,,,,,,,17-00025-0000-00008-0000-Q0012,17-00025-0000-00008-0000-Q0012
21916378,5-100,active,949000.0,112.0,91.17,41.2866066,-74.6552759,1284-1286 New Jersey 23,Sussex,Sussex,Commercial,,NHCO,"Weichert Commercial Brokerage, Inc.",John Fera,9732677778,,,,,,ARCHDIOCESE OF THE SYRIAN ORTHODOX,,24  00165-0000-00028-  01-QFARM,24  00165-0000-00028-  01-QFARM
22042735,5-100,active,2850000.0,71.0,62.17,41.123139,-74.7094523,505 Rt 565,Augusta,Sussex,Commercial,"Agribusiness, Agricultural, Bank, Bar, Commercial, Convenience Store, Health Care, Health Club, Horse Stables, Hospitality, Hotel, Lodge/Meeting Hall, Loft/Creative Space, Medical, Motel, Neighborhood Center, Office Park, Restaurant, Retail, Storefront Retail/Office, Strip Center, Theater/Concert Hall",CED-2,Fairclough Realtors,Marc Weitz,6464088024,,,,,,COPPER HILL PROPERTIES LLC,,,
21791580,5-100,active,999000.0,155.0,16.946298,39.8914,-74.7891999,176 Skeet Rd,Medford,Burlington,Residential,,RS-2,,,,,,0320_4301_7,pin,7,FS PROPERTIES 154 LLC,,20-04301-0000-00007,20-04301-0000-00007
21791633,5-100,active,999000.0,155.0,12.32,40.4056784,-74.8037439,Stony Brook Rd,Hopewell,Mercer,Commercial,,MRC,,,,,,1106_4_27.03,pin,45,FOUNDATION SERVICING LLC,,06-00004-0000-00027-03,06-00004-0000-00027-03
22135109,5-100,active,,51.0,83.5,40.5658016,-74.6040591,The Depot at Somerville,Somerville,Somerset,Commercial,,,GSA/PBS,LaWanda Maryland,6175655700,,,,,,,,10-00142-0000-00023,10-00142-0000-00023
18854249,5-100,active,,896.0,24.0,41.126596,-74.721924,112 US Highway 206,Augusta,Sussex,Agricultural,Agricultural,,Prominent Properties Commercial,Edward Kim,9175478694,,,,,,,,05-00011-0000-00013-03,05-00011-0000-00013-10-QFARM
15606383,5-100,off-market,,1150.0,63.0,40.011184,-74.819901,714 Woodlane Rd,Westampton,Burlington,Residential,"Agricultural, Apartment Units, Apartment Units - Condo, Day Care Center, Garden Center, General Freestanding, Health Care, Medical, MultiFamily, Retail, Single Family Development",C & R-3,LEP Commercial Real Estate LLC,Linda Perez,6092203254,,,,,,Chitester John C / Stinger Jeanne Chitester / Sayn,6092671318,,
7099422,5-100,off-market,,241.0,9.212,40.8139301,-74.8828114,351 Blau Rd,Hackettstown,Warren,Industrial,"Commercial, Industrial, Industrial Live/Work Unit",LI,Coldwell Banker Realty,Renee Turner,2012304123,2026-04-17,,,,,Beh Enterprises Llc,,16-01301-0000-00003-04-QFARM,16-01301-0000-00003-04-QFARM
12384681,5-100,active,,48.0,7.56,40.6003254,-74.4474982,1300 S 2nd St,Plainfield,Union,Industrial,"Contractor Storage Yard, Lumberyard, Parking Lot, Service Station, Shipyard, Trailer/Camper Park, Truck Terminal",LI,Cushman & Wakefield Inc,Ryan Larkin,2014603346,2021-11-15,3825000.0,,,,58 Gerry St,7184030320,12-00137-0000-00001,12-00137-0000-00001
21447934,5-100,active,,301.0,83.37,39.8182476,-75.3184664,83 Flood Gate Rd.,Logan Township,Gloucester,Commercial,,R5,National Land Developers Llc,Ralph Shicatano,6105656566,,,,,,BDR ALL AMERICAN HOLDINGS LLC,,09-00502-0000-00004,09-00502-0000-00004
21462518,5-100,active,,289.0,32.32,39.7633512,-75.1130338,116-124 Sewell rd,Sewell,Gloucester,Industrial,"Contractor Storage Yard, Warehouse",Planned Industrial,,,,,,0818_20_4.03,pin,75,,,18-00020-0000-00004-03,18-00020-0000-00004-03
21824097,5-100,active,795000.0,143.0,7.9,39.68851,-75.008095,706–722 Glassboro rd,Williamstown,Gloucester,Commercial,"Commercial, Self-Storage",C,L.C. Realty,"Linda Cinelli CCIM, CEA",9087225661,2022-04-06,401000.0,0811_13601_30,near,86,Bharat Patel,7325723079,,
20301251,5-100,active,,680.0,5.0,40.2514021,-74.7065918,861 Sloan ave,Hamilton,Mercer,Commercial,"Commercial, Industrial",,"Commercial Development Company, Inc.",Stephen Collins,3148352835,,,1103_1602_2.02,geo,59,,,,
19777484,5-100,active,,808.0,7.9,39.88541,-74.741712,1751-1753 Route-206,Southampton,Burlington,Commercial,,HCPL,Metro Commercial Real Estate Inc.,David Judd,8562223037,,,0333_3002_5,pin,50,Anastasios K Linardos,6097307122,33-03002-0000-00005-01,33-03002-0000-00005-02
21021377,5-100,active,899000.0,191.0,6.88,39.0168796,-74.8743047,3001 Route 9 South,Rio Grande,Cape May,Commercial,"Commercial, Mixed Use",SR,"Cape Islands Realty, LLC",Joseph Rullo,6098279908,,,0506_1434_9,near,83,,,06-01464-01-00008,06-01464-01-00008
11383304,5-100,active,195000.0,2277.0,9.8,40.95255,-74.62514,Ackerman Rd,Lake Hopatcong,Morris,Residential,,C – Conservation District,"Aya Investments, Inc.",Harry Yioves,6462906888,,,,,,,,,
21912642,5-100,active,724999.0,113.0,8.1,40.1901477,-74.1619177,0 Adelphia-Farmingdale Road,Farmingdale,Monmouth,Commercial,"Agribusiness, Bar, Commercial, Day Care Center, Fast Food, Garden Center, Health Care, Health Club, Hold for Development, Hold for Investment, Hospitality, Lodge/Meeting Hall, Movie Theater, Movie/Radio/TV Studio, MultiFamily, Office, Office Park, Outlet Center, Religious Facility, Restaurant, Retail, Schools, Storefrnt Retail/Residntl, Storefront, Storefront Retail/Office, Strip Center, Theater/Concert Hall, Veterinarian/Kennel",NC,G & G Realtors,Michael Gruosso,7325312003,,,,,,,,21-00224-0000-00004-0000-QFARM,21-00224-0000-00004-0000-QFARM
5849355,5-100,active,,570.0,5.0,39.9369843,-75.0881866,2363 Admiral Wilson Blvd,Camden,Camden,Industrial,,C4,SRP Management,Steve Rubin,2159381252,,,,,,Rubin M,,08-01240-0000-00001,08-01250-0000-00129
12660370,5-100,active,,1157.0,8.310009,40.397987,-74.658578,10 Airpark Road,Princeton,Somerset,Commercial,"Auto Repair, Medical, Office",REO3,MSC,Jon Kieserman,2154074200,,,1813_34001_57.02,pin,83,Brandon Real Estate Development Co LLC,,13-34001-0000-00057-02,13-34001-0000-00057-02
9034201,5-100,off-market,,682.0,22.38,40.1666175,-74.0982767,2127 Allenwood Rd,Wall,Monmouth,Residential,"MultiFamily, Planned Unit Development, Single Family Development",RR-6,Century 21 Action Plus Realty,Bernard Gutherz,8002992129,,,1352_801_7,pin,88,"Bahadurian, Richard",7322233200,52-00801-0000-00007,52-00801-0000-00007
20282942,5-100,active,,693.0,10.0,39.5289746,-74.9359655,314 Arbor Ave,Buena,Atlantic,Commercial,,,Colliers,Tony DiDio,8563164138,,,,,,,,04-00116-0000-00006,04-00116-0000-00006
6558511,5-100,active,6999999.0,183.0,8.08,40.275072,-74.700552,220 Bakers Basin Rd,Lawrenceville,Mercer,Commercial,"Distribution, Industrial, Warehouse",I-1,Keller Williams Empower,Stephen Kennedy,2676143033,2025-06-09,385000.0,,,,,,,
11582355,5-100,active,299000.0,2060.0,6.2,39.8022606,-75.0741907,Barnsboro Rd,Blackwood,Gloucester,Commercial,Commercial,HC,Vantage Real Estate Services,Leor Hemo,8567971919,,,0818_4.01_1,geo,66,,,18-00004-01-00001,18-00004-01-00001
9479563,5-100,active,5750000.0,4335.0,10.39,40.407173,-74.194786,694-696 N Beers St,Holmdel,Monmouth,Commercial,"Commercial, Medical, Office, Single Family Development",M,Sitar Company,"William Sitar, Sr",7322839000,,,,,,Yashmanov Dmitriy,7327650787,20-00035-0000-00014,20-00035-0000-00014
9135706,5-100,active,,513.0,43.0,40.1965318,-74.1389835,5164 Belmar Blvd,Wall Township,Monmouth,Industrial,"Airport, Commercial, Distribution, Hold for Development, Hold for Investment, Industrial, Industrial Park, Office, Planned Unit Development, R&D, Warehouse",GI-5,"Schulco Real Estate, LLC",Richard Schulz,9737134925,2006-02-25,1700000.0,,,,Asp Wall Llc,,,
9850999,5-100,active,1300000.0,2334.0,5.72,40.7200241,-75.145737,210 Belview Rd,Lopatcong,Warren,Industrial,"Industrial, Office",Industrial,Melchor Realty,Susan DiLeo,9086724221,,,2115_95_11.03,geo,48,,,,
11118801,5-100,off-market,5199000.0,2620.0,49.6,39.7220693,-75.013407,00 Berlin Rd,Williamstown,Gloucester,Residential,"Mixed Use, MultiFamily, Single Family Development",Redevelopment Zone,E.G. Elzey & Son,E. Guy Elzey,8564298800,,,,,,Alan Petrongolo,8569330923,11-00101-0000-00039-0000-QFARM,11-00101-0000-00039-0000-QFARM
9355292,5-100,active,650000.0,4.0,6.48,39.772717,-74.9629043,251 Berlin Cross Keys Rd,Berlin,Camden,Commercial,Retail,LBD,Century 21 Reilly Realtors,Charles Maimone,8567671776,2021-11-03,260000.0,0428_115.19_12,geo,83,,,28-00115-19-00012,28-00115-19-00012
12332232,5-100,active,,171.0,7.0,39.7267157,-75.0141106,690 Berlin Cross Keys Rd,Sicklerville,Camden,Commercial,"Commercial, Medical, Retail",C,BDS Commercial Inc,Lisa Silveri,2157328000,,,0436_601_1.03,geo,85,,,,
20416043,5-100,active,775000.0,645.0,12.5,39.6798641,-74.9831061,872 Black Horse Pike,Williamstown,Gloucester,Commercial,Commercial,RGPR,Century 21 Rauh & Johns,Peter Sideris,8565820366,,,0811_2902_6,pin,64,,,11-02902-0000-00006,11-02902-0000-00006
21058317,5-100,active,3500000.0,421.0,5.47,39.7891997,-75.0593716,912 Black Horse Pike,Blackwood,Camden,Commercial,,NC,"J.C. BAR Properties, Inc.",Greg Jones,6102346491,,,0415_12402_13,geo,80,,,,
21867000,5-100,active,,128.0,24.71,39.7380006,-75.0399186,4050 Black Horse pike,Turnersville,Gloucester,Commercial,"Medical, Mixed Use, Retail, Service Station, Storefrnt Retail/Residntl",,"Retail Sites, LLC",Tyler Arsenault,8567784900,,,0818_112.01_13,geo,83,"Retail Sites, LLC",8567784900,,
10540904,5-100,active,,499.0,43.76,39.4418149,-74.6207508,4119 Black Horse Pike,Mays Landing,Atlantic,Commercial,Commercial,DC,Colliers,Tony DiDio,8563164138,,,0112_1323_3,near,85,Heil Edward F Jr,,,
1133042,5-100,active,750000.0,462.0,6.5,39.419262,-74.585099,6519 Black Horse Pike,Egg Harbor Township,Atlantic,Commercial,"Commercial, Fast Food, Office, Restaurant, Retail",HWC,Coldwell Banker Argus Real Estate,Matthew Bonomini,6098223700,,,0108_1901_7,pin,90,C G K Llc,,08-01901-0000-00007,08-01901-0000-00007
6295401,5-100,active,,269.0,7.72,39.7055517,-75.0112165,1361 N Black Horse Pike,Blackwood,Gloucester,Commercial,,CC,KW Commercial,Tom Duffy,8562183313,,,0811_701_12,pin,80,Ander Mark & Carol,,11-00701-0000-00012,11-00701-0000-00012
10432197,5-100,off-market,1000000.0,423.0,19.81,39.6540893,-74.9560561,S Black Horse Pike,Williamstown,Gloucester,Residential,"Commercial, MultiFamily, Office, Retail",RGC,George Buriak,George Buriak,8564665462,,,0811_9901_3,pin,75,George Buriak,8564665462,11-09901-0000-00003,11-09901-0000-00003
13976632,5-100,active,1350000.0,1207.0,5.5,39.6755257,-74.980171,1038 S Black Horse Pike,Williamstown,Gloucester,Commercial,"Apartment Units, Apartment Units - Senior, Commercial, Day Care Center, Fast Food, Industrial, Self-Storage",RG-C Regional Growth Comm,RE/MAX Preferred Commercial Division,Bryant Lafferty,8562915880,,,,,,,,,
9939101,5-100,active,3300000.0,1207.0,43.69,39.6497237,-74.9554496,2353 S Black Horse Pike,Williamstown,Gloucester,Commercial,,RGPC,RE/MAX Preferred Commercial Division,Bryant Lafferty,8562915880,,,0811_8601_7,pin,66,Yasna Partnership Llp,,11-08601-0000-00007,11-08601-0000-00008
21921494,5-100,active,375000.0,108.0,19.0,39.6497098,-74.9500998,2443 S Black Horse Pike,Williamstown,Gloucester,Commercial,"Agricultural, Commercial, Distribution, Industrial, Office, Warehouse",RGC,Weichert Realtors,Lisa O'Brien,8562271950,,,,,,,,,
6968795,5-100,active,300000.0,1403.0,9.29,39.639305,-74.9344746,2954 S Black Horse Pike,Williamstown,Gloucester,Commercial,"Agribusiness, Auto Repair, Commercial, Hotel, MultiFamily, Retail, Single Family Development, Single Family Residence",C1,"Adhere Real Estate Services, LLC","Judith Younger, Ed.S.",8565332340,,,0811_5601_7,pin,69,Dmb Associates,,11-05601-0000-00007,11-05601-0000-00007
21150604,5-100,active,899000.0,378.0,15.480005,39.6372172,-74.9327977,3042 S Black Horse Pike,Williamstown,Gloucester,Commercial,"Commercial, Single Family Development",RD-C,Nancy Kowalik Real Estate Group,Nancy Kowalik,8564786562,,,0811_5601_7,near,69,,,,
20241693,5-100,off-market,1025000.0,724.0,7.2,39.611989,-74.908201,4223 S Black Horse Pike,Williamstown,Gloucester,Commercial,"Agricultural, Auto Repair, Commercial, Contractor Storage Yard, Distribution, Garden Center, General Freestanding, Hold for Development, Hold for Investment, Hospitality, Hotel, Lodge/Meeting Hall, Mixed Use, Neighborhood Center",Highway commercial,Century 21 Rauh & Johns,Peter Sideris,8565820366,,,,,,,,,
17716862,5-100,active,1850000.0,337.0,97.99,40.123016,-74.654735,248 Bordentown Chesterfield Rd,Chesterfield,Burlington,Agricultural,Commercial,AG,BHHS Fox & Roach,Yuen Li Huang,6099339988,,,,,,Dak Wah Farm LLC,,07-00600-0000-00007-01,07-00600-0000-00007-01
19674198,5-100,off-market,2600000.0,871.0,7.16,39.9706402,-75.0497078,1601 Boulevard Ave Blvd,Pennsauken,Camden,Industrial,Industrial,LI,"Markeim Chalmers, Inc",Adam Dembo,8563245194,,,,,,,,27-01104-0000-00040,27-01104-0000-00040
18855783,5-100,active,375000.0,1024.0,19.97,40.7712945,-74.9971982,90 Bowerstown Rd,Washington,Warren,Residential,,R-40,"Weichert Commercial Brokerage, Inc.",Maria Lima,9732677778,,,2122_28_21,pin,51,,,22-00028-0000-00021,22-00028-0000-00021
12298266,5-100,active,,235.0,32.53,40.2260463,-74.1380493,1201 Bowman Ave,Wall,Monmouth,Industrial,"Contractor Storage Yard, Industrial, Self-Storage",GI-10,KW Commercial,Jeff Bischak,9737837400,,,,,,Kurlin Inc,,52-00907-0000-00022,52-00907-0000-00022
10497374,5-100,active,699000.0,1228.0,19.0,39.8563,-74.9164999,280 Braddock Mill Rd,Marlton,Burlington,Residential,Commercial,LD,Anchor Commercial Development,Yvonne Hu,2153278817,,,0313_37_11,pin,48,,,13-00037-0000-00011,13-00037-0000-00011
8907566,5-100,active,700000.0,800.0,18.0,40.0120521,-74.9375458,4009 Bridgeboro Rd,Delran,Burlington,Agricultural,"Commercial, Distribution, Industrial",NC,Hersh Realty Group,Seth Hersh,8563758560,,,,,,Jozkor Co Llc,,10-00115-0000-00032,10-00115-0000-00032
12327242,5-100,active,4000000.0,1809.0,39.0,39.7657845,-75.2011507,Bridgeton Pike,Sewell,Gloucester,Commercial,Commercial,,"Warner Real Estate & Auction Co, Inc.",Richard Warner,8567694111,,,,,,,,,
4214115,5-100,active,8600000.0,2898.0,86.0,39.769654,-75.197843,W Bridgetown Pike,Mantua,Gloucester,Agricultural,Single Family Residence,resisential,Stephen Scherfel Realty,Stephen Scherfel,8568454744,1999-05-18,400000.0,,,,Maccherones Hill & Sandra Hill,6783574313,10-00005-0000-00003,10-00005-0000-00016
20940088,5-100,active,,492.0,14.99,39.9628163,-74.8948623,2060 Briggs Rd,Mount Laurel,Burlington,Industrial,Industrial,ID,Binswanger,Michael Torsiello,2154486210,,,0324_304.06_1,near,80,,,,
21524549,5-100,active,480000.0,267.0,8.03,40.134592,-74.5255933,168 Burlington Path Rd,Cream Ridge,Monmouth,Agricultural,"Agricultural, Pasture/Ranch, Single Family Residence",AR,Weichert Realtors,Marguerite Villante,9088396131,,,,,,,,,
20923779,5-100,active,650000.0,219.0,53.0,39.375672,-75.087657,2424 Cedar st,Millville,Cumberland,Industrial,,,Berkshire Fox & Roach Realtors - Northfield,Richard Baehrle,6096410011,,,0610_52_90.02,geo,95,,,,
9399682,5-100,active,,3013.0,60.0,40.6710919,-74.667794,500 Cedar Ridge Rd,Bedminster,Somerset,Residential,Single Family Development,R10,Thomas P. Reilly & Co. Inc.,Thomas Reilly,2126350509,,,,,,Hart Kenneth Father & Sons,9737617676,01-00041-0000-00001-01,01-00041-0000-00001-01
20881953,5-100,active,3495000.0,549.0,6.85,39.8591161,-74.9472326,600 Centennial Blvd,Voorhees Township,Camden,Industrial,"Industrial, Recycling Center, Self-Storage, Warehouse",O3,Cooper Square Acquisitions,Angad Guglani,9176368941,2025-01-15,1000000.0,,,,Cooper Square Acquisitions,8564207776,34-00213-01-00096,34-00213-01-00096
12638707,5-100,active,,84.0,12.0,39.70668,-75.43923,35 Central Schoolhouse Rd,Penns Grove,Salem,Industrial,"Contractor Storage Yard, Trailer/Camper Park",GC,Blue Chip Equities,Giorgio Vasilis,7329778324,,,,,,GLENN MCKELLAR,,02-00230-0000-00018,02-00230-0000-00018
9247650,5-100,active,1000000.0,3054.0,20.55,40.2864482,-74.7969331,900 Charles Ewing Blvd,Ewing,Mercer,Commercial,"Office, Retail",commercial,"Princeton Property Partners, LLC",Aubrey Haines,6099153876,,,,,,TR CHARLES EWING LLC,,02-00225-01-00001-03,02-00225-01-00001-03
9616237,5-100,active,800000.0,3054.0,20.55,40.2867205,-74.7961239,1100 Charles Ewing Blvd,Ewing,Mercer,Commercial,"Office, Retail",land,"Princeton Property Partners, LLC",Aubrey Haines,6099153876,,,,,,TR CHARLES EWING LLC,,02-00225-01-00001-03,02-00225-01-00001-03
6378278,5-100,active,2500000.0,2626.0,38.0,39.4243804,-74.5700195,Chestnut & Fork Rd,Egg Harbor Township,Atlantic,Commercial,Commercial,GC,Grace Properties,Meg Worthington,6094872400,,,,,,Michael B Berman Esq,7329017035,08-00310-0000-00010,08-00310-0000-00010
10356446,5-100,active,3490000.0,6429.0,75.0,39.9170594,-74.8235618,26 Church Rd,Medford,Burlington,Residential,"Commercial, Hold for Development, Master Planned Community, Single Family Development",AR,Century 21 Alliance,Glenn Todd,6093995711,,,,,,,,20-00302-0000-00021,20-00302-0000-00021
19705241,5-100,off-market,999999.0,855.0,50.0,41.2851604,-74.6198528,25 Clove Rd,Wantage,Sussex,Agricultural,Winery/Vineyard,agricultural development,Weichert Realtors,Christine Tremain,8457426647,,,,,,Chatham Properties,,,
19738030,5-100,active,250000.0,833.0,100.0,40.7798928,-74.3693078,0 Columbia Tpke,Florham Park,Morris,Commercial,,,United National Realty,Michael Dukhovny,7189798000,,,,,,,,11-00301-0000-00017,11-00301-0000-00017
12825459,5-100,off-market,625000.0,1465.0,9.44,39.726263,-75.226594,114 Commissioners,Mullica Hill,Gloucester,Residential,Single Family Residence,R1,Nancy Kowalik Real Estate Group,Nancy Kowalik,8564786562,,,0808_71_5,pin,83,,,08-00071-0000-00005,08-00071-0000-00005
20817256,5-100,off-market,499000.0,620.0,52.36,40.295934,-74.454079,4 Country Brook Ln,Monroe Township,Middlesex,Commercial,Commercial,commercial,Davis Commercial,Brian Walsh,7322541600,,,,,,,,,
20965021,5-100,active,,498.0,8.9,40.873031,-74.825256,923 County 517 rd,Hackettstown,Warren,Commercial,,,Sabre Real Estate Group LLC,Etan Tammam,2012498911,,,2112_6.02_3,near,78,Owen Properties LLC,,,
12891912,5-100,active,1600000.0,57.0,100.0,40.568842,-75.0323708,1663 County Road 519,Pittstown,Hunterdon,Residential,Agricultural,Farmland,RE/MAX Results Realty,Walter Klim,9085079441,,,,,,Best of Nature LLC,,,
10411779,5-100,active,329000.0,95.0,20.95,40.5754915,-75.0457165,1726 County Road 519,Pittstown,Hunterdon,Agricultural,"Agribusiness, Agricultural, Horse Stables, Single Family Development",Residential 10 Acre min,Coldwell Banker Commercial Realty,Ken Worden,9082956664,,,,,,,,01-00013-0000-00015-0000-Q0128,01-00013-0000-00015-0000-Q0128
8847669,5-100,active,3000000.0,766.0,5.0,40.4013761,-74.4271673,690 Cranbury-south River Rd,East Brunswick,Middlesex,Commercial,,R1,Davis Commercial,Brian Walsh,7322541600,,,,,,,,04-00321-0000-00006-03,04-00321-0000-00006-03
22213748,5-100,active,999999.0,30.0,43.0,40.4610767,-75.0271283,9 Creamery Ln,Frenchtown,Hunterdon,Commercial,"Agricultural, Lumberyard, Mixed Use",BUSINESS COMMERCIAL,Coldwell Banker Residential Brokerage,Jeff Smith,9085001640,,,,,,,,16-00033-0000-00022,16-00033-0000-00022
1507851,5-100,off-market,1950000.0,2682.0,11.0,39.7616135,-74.9773388,389 Cross Keys Rd,Sicklerville,Camden,Commercial,"Bank, Commercial, Day Care Center, Fast Food, Office, Self-Storage, Strip Center, Supermarket",Commercial,RE/MAX Preferred Commercial Division,Bryant Lafferty,8562915880,,,0415_17902_13,near,68,,,15-17902-0000-00011,15-17902-0000-00011
12900726,5-100,active,,176.0,84.0,39.8543923,-75.1692419,1692 Crown Point Rd,West Deptford,Gloucester,Industrial,"Industrial, Industrial Park",I,Wolf Commercial Real Estate L.L.C.,Michael Scanzano,8564656637,,,0820_325_2,pin,43,,,20-00128-0000-00002,20-00325-0000-00002
17452950,5-100,off-market,,1080.0,11.82,40.2636324,-74.4277344,1 DeBaun Road,Millstone,Monmouth,Industrial,"Distribution, Warehouse",PCD,Everest Realty Group,Chris Kaempffer,7326251055,,,1333_18.01_1.01,geo,87,,,,
18920688,5-100,active,3000000.0,781.0,6.682336,40.3781377,-74.5854639,15 Deerpark Dr,Monmouth Junction,Middlesex,Commercial,"Commercial, Warehouse",OR,"Fennelly Associates, Inc.",Gerard 'Jerry' Fennelly,6095200061,,,1221_97_13.06,pin,65,DEER PARK RESEARCH CENTER LLC,,21-00097-0000-00013-06,21-00097-0000-00013-06
20269915,5-100,off-market,,702.0,54.0,39.436102,-74.593604,6220 Delilah Rd,Egg Harbor Township,Atlantic,Commercial,,,Foresite Commercial Realty,Samantha Zerafa Roessler,6096461919,,,0108_203_1,geo,96,,,,
8176083,5-100,active,1480000.0,417.0,19.91,39.6077935,-75.0734823,2165 Delsea Dr,Franklinville,Gloucester,Commercial,"Commercial, Convenience Store, Drug Store, Retail, Storefront, Strip Center",HC,Penzone Realty,Patricia Baer,8562273004,,,,,,Grochowski L & Kiefer L & Donahower J,,05-03506-0000-00001-0000-QFARM,05-03506-0000-00001-0000-QFARM
19224065,5-100,active,995000.0,981.0,46.71,39.561497,-75.053462,5100 Delsea Dr,Newfield,Cumberland,Commercial,Commercial,A-5/MV,"Warner Real Estate & Auction Co, Inc.",Richard Warner,8567694111,,,,,,,,,
8177645,5-100,active,995000.0,2887.0,6.47,39.4580967,-75.0440632,1940-1984 S Delsea Dr,Vineland,Cumberland,Commercial,"Auto Dealership, Auto Repair, Car Wash, Commercial, Fast Food, General Freestanding, Hotel, Motel, Restaurant, Retail, Self-Storage, Service Station, Storefront, Supermarket",B-3,RE/MAX Preferred Commercial Division,Bryant Lafferty,8562915880,,,,,,Garden State Land Co Llc,,,
10890173,5-100,active,2500000.0,409.0,49.8,40.32736,-74.5168,150 Dey Rd,Cranbury,Middlesex,Agricultural,"Hold for Development, Single Family Development",Light Res.  4 acre min,Weichert Realtors,Joseph Miczak,7326823740,,,,,,Donna Underwood,7325996285,02-00025-0000-00008,02-00025-0000-00008
12812152,5-100,off-market,,1472.0,16.0,40.6603658,-74.4379639,18 Drift Road,Watchung,Somerset,Commercial,Commercial,R-R,"Weichert Commercial Brokerage, Inc.",Clayton Brown,9738988664,,,1821_7010_5.02,geo,68,,,21-07010-0000-00005-01,21-07010-0000-00005-03
9416427,5-100,active,1999000.0,883.0,41.0,40.4443716,-74.8909014,58 Dunkard Church Rd,Stockton,Hunterdon,Agricultural,Single Family Development,VAL,Berkshire Hathaway HomeServices,Russell Williams,8004482057,2026-01-21,900000.0,,,,Reed Kristen,,08-00003-0000-00003-0000-Q0012,08-00003-0000-00003-0000-Q0012
10944912,5-100,active,375000.0,2829.0,10.0,39.46486,-75.05771,1599 Elm Rd,Vineland,Cumberland,Industrial,,I4,Binswanger,Michael Torsiello,2154486210,,,,,,,,,
8051934,5-100,off-market,1900000.0,5547.0,20.0,39.4302053,-74.6105406,3012-3020 English Creek Ave,Egg Harbor Township,Atlantic,Commercial,"Commercial, Office",PO 1,Foresite Commercial Realty,Samantha Zerafa Roessler,6096461919,2014-07-24,617410.0,,,,Nce Canine Companions Of Independence,,08-01702-0000-00095,08-01702-0000-00097
12622734,5-100,active,400000.0,1638.0,9.8,39.4256342,-74.621257,3057 English Creek Ave,Egg Harbor Township,Atlantic,Commercial,,RG2,Foresite Commercial Realty,Samantha Zerafa Roessler,6096461919,,,0108_1601_94,geo,91,,,,
9363395,5-100,active,1590000.0,107.0,9.48,39.3927379,-74.6390856,5101 English Creek Rd,Egg Harbor Township,Atlantic,Commercial,"Commercial, Retail",BN,Keller Williams Realty Atlantic Shore,Bobby Borislav Todorov,6094849890,,,,,,Chung M Kang,,08-03226-0000-00004,08-03226-0000-00004
12286089,5-100,active,475000.0,1856.0,7.36,39.425105,-74.6162275,3063 English Creek Avenue,Egg Harbor Township,Atlantic,Commercial,Office Park,O-P,Parkshore Development Corp,Richard Steinberg,6099261000,,,0108_1601_3,geo,85,,,,
25902,5-100,off-market,1000000.0,10550.0,21.48,39.4565,-74.59259,English Creek Avenue and High School Drive Ave,Egg Harbor Township,Atlantic,Commercial,"Medical, Restaurant, Retail",Neighborhood Business,"Levin Commercial Real Estate, LLC","Joshua Levin, CCIM",6093445200,,,0108_3302_11,pin,96,Levin Emanuel L & Roberta T,6093445200,08-03302-0000-00011,08-03302-0000-00011
13955077,5-100,active,,1228.0,17.0,39.7396881,-74.9735656,578 Erial Rd,Sicklerville,Camden,Commercial,"Commercial, Single Family Development",C,Anchor Commercial Development,Yvonne Hu,2153278817,,,,,,,,,
22316992,5-100,active,1500000.0,2.0,20.72,40.222191,-74.2206989,346 Fairfield Rd,Freehold,Monmouth,Agricultural,,ARE-6,Stafford Smith Realty,Ray Smith,7327471000,,,,,,,,,
21010670,5-100,off-market,3800000.0,463.0,90.64,41.219745,-74.631632,40 Fernwood Rd,Sussex,Sussex,Residential,"Apartment Units, Apartment Units - Condo, Apartment Units - Senior, Horse Stables, MultiFamily, Single Family Development, Single Family Residence",R2,Kienlen Lattman Sotheby's International Realty,Lidia Gabinelli,9087192500,,,,,,,,,
21546665,5-100,active,1000000.0,255.0,25.87,39.8211601,-75.3213668,159 Floodgate Road,Swedesboro,Gloucester,Commercial,Industrial,,Avison Young,David Smith,6105570508,,,,,,Superior Plus Propane,8558043835,,
19778818,5-100,active,550000.0,807.0,12.0,40.9797025,-74.7354076,Forest Lake Drive North,Andover,Sussex,Commercial,,HC,Fairclough Realtors,Brian Fairclough,9735809123,,,1902_1.02_6.01,geo,63,,,,
12870068,5-100,active,1300000.0,1438.0,5.07,39.9290467,-74.8095624,35 Fostertown Rd,Medford,Burlington,Industrial,,commerical,"Zimmel Associates, Inc.",David Zimmel,7326619200,,,,,,,,,
19739682,5-100,off-market,,830.0,5.08,40.373091,-74.6522819,8 Founders Ln,Princeton,Mercer,Residential,,OR-2,JLL,Vinny DiMeglio,6094545242,,,,,,,,,
7884217,5-100,off-market,1500000.0,613.0,29.87,39.417946,-74.588615,108 Franklin Ave,Egg Harbor Township,Atlantic,Commercial,Single Family Development,RG-2,Coldwell Banker Argus Real Estate,Matthew Bonomini,6098223700,,,0108_1901_7,pin,90,C G K Llc,,08-01901-0000-00007,08-01901-0000-00030
19731684,5-100,active,695000.0,836.0,19.0,39.733734,-75.277409,490 Franklinville Rd,Swedesboro,Gloucester,Commercial,"Hold for Development, Hold for Investment",5A,"Warner Real Estate & Auction Co, Inc.",Richard Warner,8567694111,,,,,,,,,
21826736,5-100,off-market,199000.0,142.0,10.0,39.804689,-75.238618,355 Friendship Rd,Clarksboro,Gloucester,Commercial,"Single Family Development, Single Family Residence",RR-C,"Warner Real Estate & Auction Co, Inc.",Richard Warner,8567694111,,,0803_204_19.02,geo,77,,,,
10066192,5-100,active,5500000.0,393.0,21.97,39.6942298,-75.0537484,Fries Mill Rd,Williamstown,Gloucester,Commercial,"Apartment Units, Apartment Units - Condo, Apartment Units - Senior, Apartment Units - Subsdzd, Auto Dealership, Bank, Commercial, Convenience Store, Day Care Center, Distribution, Drug Store, Fast Food, General Freestanding, Health Care, Hold for Development, Hold for Investment, Hospital, Hospitality, Hotel, Industrial, Medical, Mixed Use, Motel, MultiFamily, Office, Office Park, R&D, Refrigeration/Cold Stor, Rehabilitation Center, Religious Facility, Restaurant, Retail, Self-Storage, Service Station, Single Family Development, Single Family Residence, Storefrnt Retail/Residntl, Storefront, Storefront Retail/Office, Strip Center, Supermarket, Truck Terminal, Warehouse",NC,Forge Commercial Real Estate,Jeff Arnold,6097076001,2018-04-30,,,,,MUIRFIELD PARTNERS LLC,,11-15001-0000-00005,11-15001-0000-00005-01
6855323,5-100,off-market,2800000.0,410.0,15.457989,40.0027319,-74.9287431,751 Garwood Rd,Moorestown,Burlington,Commercial,,R1,GREA,Kenneth Wellar,2154542879,,,,,,Core Realty Inc,2677737801,22-07000-0000-00028-0000-QFARM,22-07000-0000-00031
8268620,5-100,active,779000.0,444.0,9.87,39.8238242,-74.9738833,961 E Gibbsboro Rd,Lindenwold,Camden,Commercial,"Commercial, MultiFamily, Single Family Development, Single Family Residence",C,Century 21 Alliance,Michael Meyer,6096548797,2012-06-13,157500.0,0422_244_8,near,61,Donald P & Kathleen D Willier,8567834419,22-00244-0000-00006,22-00244-0000-00007-04
6315617,5-100,active,4500000.0,15.0,8.97,39.6958784,-75.0536624,236 Glassboro Rd,Williamstown,Gloucester,Commercial,"Commercial, Retail, Strip Center",Commercial,RE/MAX Preferred Commercial Division,Bryant Lafferty,8562915880,,,0811_14901_27,pin,83,W. Hargrove Demolition,8562251100,11-14901-0000-00025,11-14901-0000-00027
9940127,5-100,active,,64.0,6.9,39.7757671,-75.1437511,1759 Glassboro Rd,Sewell,Gloucester,Commercial,Commercial,R22,"Weichert, Realtors® - Mullica Hill",Mark Honabach,6092216629,,,,,,State Of Nj,,10-00173-0000-00004,10-00173-0000-00004
4167181,5-100,active,,92.0,8.0,39.71006,-75.0532,2325 Glassboro Cross Keys Rd,Williamstown,Gloucester,Commercial,"Commercial, Self-Storage",RA,"Moriah Commercial Realty, LLC",David Gutterman,8563613977,2024-09-18,1200000.0,0811_14801.01_69,near,80,Mo Greens Self Storage LLC,,,
14911537,5-100,active,,42.0,16.7,40.3439124,-74.4118301,0 Grace Hill Rd,Monroe Township,Middlesex,Residential,Single Family Development,R30,Lee & Associates Commercial Real Estate Services,Beth Chezmar,7322041126,,,,,,,,,
7393549,5-100,active,1500000.0,32.0,11.18,39.7598277,-75.0532807,Greentree and Blackhorse Pike,Blackwood,Gloucester,Commercial,Self-Storage,SC,"Moriah Commercial Realty, LLC",David Gutterman,8563613977,2022-01-13,875000.0,0818_195_15,pin,41,Vim Goyal,5169787125,18-00195-0000-00015,18-00195-0000-00015
8912281,5-100,off-market,700000.0,302.0,28.0,39.7276849,-75.1896809,101-103 Griffin Rd,Mullica Hill,Gloucester,Residential,"Single Family Development, Winery/Vineyard",R1,Keller Williams Realty Cherry Hill,Anthony Calabrese,6095019289,2018-03-28,270000.0,,,,Dag Investments Llc,,,
12813316,5-100,active,799995.0,1207.0,5.45,39.7536925,-74.238141,170 Gunning River Rd,Barnegat,Ocean,Residential,Mixed Use,R-20 & TC Town center,Keller Williams Realty West Monmouth,Mark Krupnick,7329455253,,,1501_114_9.02,near,91,La Laan Llc,,01-00174-0000-00005-02,01-00174-0000-00005-02
4730560,5-100,active,1195000.0,4400.0,8.12,39.8226622,-74.9496295,1223 Haddonfield Berlin Rd,Voorhees,Camden,Commercial,Office,"RHB, Voorhees Twp",Wolf Commercial Real Estate L.L.C.,Jason Wolf,8568576300,2005-09-22,600000.0,0434_263_11,pin,80,,,34-00263-0000-00011,34-00263-0000-00011
8784370,5-100,off-market,2600000.0,346.0,5.7,40.9574811,-74.221996,730 Hamburg Tpke,Wayne,Passaic,Commercial,"MultiFamily, Single Family Development, Single Family Residence",R-30,RE/MAX SELECT,Patrick Varelas,2013375555,,,,,,Eva Budz,9733320334,14-03100-0000-00004,14-03100-0000-00004
6266948,5-100,active,1600000.0,1817.0,6.4,40.9850068,-74.2782198,2267 Hamburg Tpke,Wayne,Passaic,Commercial,"Day Care Center, Medical, Office, Retail",B,Sitar Company,"William Sitar, Jr",7326232155,,,1614_3510_157,geo,34,Mountainview Terrace Associates Llc,,,
13914035,5-100,active,,265.0,7.27,40.5637895,-74.4173012,2225-2271 Hamilton Blvd,South Plainfield,Middlesex,Commercial,"Industrial, Industrial Park, Warehouse",M-3,Marcus & Millichap,Scott Geller,2017426167,,,,,,,,22-00390-0000-00001,22-00401-0000-00005
11047188,5-100,active,7000000.0,923.0,21.0,39.7225527,-75.4570709,291 Harding Hwy,Carneys Point,Salem,Industrial,"Commercial, Industrial, Office",,American Dream Realty of South Jersey,Christy Myers,8562996444,,,,,,,,02-00060-0000-00032,02-00060-0000-00032
22092932,5-100,active,1050000.0,57.0,11.09,39.70784,-75.4431885,507 Harding Hwy,Penns Grove,Salem,Commercial,Commercial,GC,"Warner Real Estate & Auction Co, Inc.",Richard Warner,8567694111,,,,,,S & C BATTIATO LLC,,02  00056-0000-00009-0000-QFARM,02  00056-0000-00009-0000-QFARM
12801526,5-100,active,1200000.0,1487.0,11.0,39.5557988,-74.9997339,1444 Harding Hwy,Newfield,Gloucester,Commercial,"Auto Dealership, Auto Repair, Bank, Car Wash, Commercial, Convenience Store, Industrial, Medical, Office, Retail, Retail Warehouse, Warehouse",HC,Penzone Realty,Patricia Baer,8562273004,2025-06-19,340000.0,,,,Newfield Harding Hwy Dg Llc,,,
10656441,5-100,active,900000.0,94.0,21.87,39.5580426,-75.0081857,1720 Harding Hwy,Franklin Township,Gloucester,Industrial,Industrial,LM,United Real Estate,Ratanjot Rahil,8568707779,2023-08-02,600000.0,0805_7202_23,pin,78,Jasvir Kour,,05-07202-0000-00022,05-07202-0000-00023
21698786,5-100,active,625000.0,190.0,21.22,39.509552,-75.290164,360 Harmony Rd,Bridgeton,Cumberland,Agricultural,,,eXp Realty,Carmela Cetkowski,8662016210,,,,,,,,,
12877094,5-100,active,3500000.0,83.0,23.8,39.4163641,-74.6549962,828 Harrison Ave,Mays Landing,Atlantic,Residential,"Horse Stables, Pasture/Ranch",RD-5,,,,,,,,,,,,
10615118,5-100,off-market,11500000.0,3061.0,36.0,40.149061,-74.093505,2010 Highway 34,Wall Township,Monmouth,Commercial,"Commercial, Office, Office Park","OP-10, OP-5","Weichert Commercial Brokerage, Inc.",David Chippendale,9738988682,,,,,,,,52-00805-0000-00092,52-00805-0000-00092
4476479,5-100,active,9000000.0,64.0,5.34,40.1452787,-74.0597801,2109 Highway 35,Wall,Monmouth,Commercial,"Commercial, Planned Unit Development, Retail",HB/R30,,,,2002-12-19,775000.0,1352_274_1,near,38,The Brunetti Organization,7327273300,52-00733-0000-00006-0000-QFARM,52-00733-0000-00006-0000-QFARM
9420302,5-100,active,3170000.0,353.0,11.04,41.0703986,-74.6565807,309 Houses Corner Rd,Sparta,Sussex,Commercial,"Apartment Units - Condo, Commercial, Distribution, Industrial, Office",ED,,,,,,1918_11002_9,near,33,Keila Transport Llc,,18-11002-0000-00007,18-11002-0000-00007
21607051,5-100,active,1150000.0,228.0,5.5,40.157608,-74.246061,763 Hulses Corner Rd,Wall Township,Monmouth,Agricultural,"Agricultural, Garden Center, Horse Stables, Mixed Use, Pasture/Ranch, Religious Facility, Single Family Residence",are6,SERHANT.,Thomas Marinelli,7326167151,,,1321_110_152,near,54,,,,
773097,5-100,active,1850000.0,252.0,25.34,39.6337359,-75.5348185,Industrial Park Rd,Pennsville,Salem,Commercial,"Commercial, Industrial",M,Binswanger,Michael Torsiello,2154486210,,,1709_4802_4,pin,76,RJH Management,4102875277,09-04802-0000-00003-01,09-04802-0000-00004
11559597,5-100,active,949000.0,1324.0,38.0,40.27011,-74.40055,45 Iron Ore Rd,Manalapan Township,Monmouth,Commercial,Commercial,4A-G4,Keller Williams Realty Central Monmouth,Janine DelTufo,9086929407,,,,,,,,,
18941019,5-100,active,,987.0,44.2,40.4434609,-74.3478763,601 Jernee Mill Rd,Sayreville,Middlesex,Industrial,Industrial,I,CBRE,Benjamin Shapiro,7325092824,,,1219_49.01_1,near,60,,,,
18940801,5-100,active,,987.0,44.3,40.4432547,-74.3418521,601 Jernee Mill Rd,Sayreville,Middlesex,Industrial,Industrial,I,CBRE,Benjamin Shapiro,7325092824,,,,,,,,,
18939941,5-100,active,,987.0,26.199999,40.4378838,-74.3492603,601 Jernee Mill Rd,Sayreville,Middlesex,Industrial,,,CBRE,Benjamin Shapiro,7325092824,,,,,,,,,
18939264,5-100,active,,987.0,8.9,40.4389781,-74.3482572,601 Jernee Mill Rd,Sayreville,Middlesex,Industrial,"Commercial, Industrial",I,CBRE,Benjamin Shapiro,7325092824,,,1219_53_1,near,43,,,,
6494018,5-100,active,2450000.0,1716.0,6.92,40.509057,-74.841229,1 Kings Ct,Flemington,Hunterdon,Industrial,"Health Care, Industrial, Medical",Industrial/Commercial,Bussel Realty,Gregory Irving,7322873777,,,,,,Charles Wrobel,,,
10183001,5-100,active,2000000.0,3500.0,10.1,40.1995712,-74.6487835,Klockner Rd,Trenton,Mercer,Commercial,Office,RD,"Fennelly Associates, Inc.",Gerard 'Jerry' Fennelly,6095200061,,,,,,Nj School Boards Assoc,,03-02612-0000-00005-05,03-02612-0000-00005-05
11085052,5-100,active,695000.0,232.0,7.215,41.07173,-74.65823,460 Lafayette Rd,Lafayette,Sussex,Industrial,"Industrial, Medical, Office",ED,RE/MAX Platinum Group,Jessica Beasley,8624326756,,,1918_12009_5,pin,38,Mckeon Realty Llc,,18-12009-0000-00005,18-12009-0000-00005
10262963,5-100,active,600000.0,863.0,12.8,39.6503492,-75.3074635,236 E Lake Rd,Woodstown,Salem,Commercial,"Agricultural, Commercial, Contractor Storage Yard, General Freestanding, Industrial, Retail Warehouse",C1,Penzone Realty,Nicholas Raio,8562273004,,,,,,Claregalway Llc,,10-00040-0000-00012-07,10-00040-0000-00012-07
11620257,5-100,off-market,5550000.0,2011.0,11.31,40.41817,-74.27142,193 Lambertson Rd,Matawan,Middlesex,Residential,,R-30,Compass,Andrew Botticelli,2016274947,2026-02-02,,,,,Frances Solitorio,,15-11250-0000-00004,15-11250-0000-00004
12513564,5-100,active,1800000.0,1226.0,41.58,40.3985561,-74.9485701,31 Lambertville Headquarters Rd,Lambertville,Hunterdon,Residential,Commercial,A-2,"Exit Realty Lucky Associates, Inc.",Edson Francisco,9738177700,,,,,,Anthony J Costabile Sr Fa Mily Trust,,07-00060-0000-00009-04,07-00060-0000-00009-04
8109069,5-100,active,400000.0,78.0,10.48,39.4760444,-75.163736,482 Landis Ave,Bridgeton,Cumberland,Commercial,Commercial,B,Natt Express INC,Jagroop Singh,6099752039,2024-11-01,210000.0,0603_11_76,pin,66,,,03-00011-0000-00076,03-00011-0000-00076
19780055,5-100,off-market,6000000.0,807.0,22.0,39.486027,-75.063085,1983 Landis ave,Vineland,Cumberland,Commercial,Refrigeration/Cold Stor,,Avison Young,Jack Owens,6105570514,,,,,,Landis Ave Cold Storage Llc,,,
7275112,5-100,active,749000.0,799.0,5.4687,39.4856683,-75.0551485,1535 W Landis Ave,Vineland,Cumberland,Commercial,"Commercial, Convenience Store, Restaurant, Retail, Self-Storage, Storefront",B-3,Collini Real Estate,Brian Collini,8563052346,,,0614_3501_9,near,79,A & E Swerdlin Real Estate Llc,,14-03501-0000-00011,14-03501-0000-00011
18840812,5-100,active,239900.0,1026.0,12.3,39.7341617,-74.9199387,Lot 2 N Grove st,Berlin,Camden,Industrial,,PR1,Century 21 Reilly Realtors,Charles Maimone,8567671776,,,0436_3302_2,pin,34,,,36-03302-0000-00002,36-03302-0000-00002
26142,5-100,off-market,,738.0,26.7,39.8209934,-75.0832583,851 Lower Landing Rd,Blackwood,Camden,Commercial,,Industrial,Vantage Real Estate Services,Leor Hemo,8567971919,,,0415_4901_1,pin,49,Davis Roger J Trust,,15-04901-0000-00001,15-04901-0000-00001
12882599,5-100,active,850000.0,379.0,31.69,39.556337,-75.0179918,Madison,Newfield,Gloucester,Commercial,,RR,Coldwell Banker Realty,Heather Viruet,8563054282,,,,,,,,,
19741766,5-100,active,10000000.0,829.0,25.46,39.7256461,-74.2408471,1401 N Main St,Manahawkin,Ocean,Commercial,,RB,Sitar Company,"William Sitar, Sr",7322839000,,,,,,,,31-00296-0000-00001-01,31-00296-0000-00001-01
18908194,5-100,active,1200000.0,1001.0,66.0,40.688422,-75.114,636 Main St.,Stewartsville,Warren,Agricultural,Agricultural,RCD,BHHS EWM Realty,Trinity Bartha,9547647171,,,,,,,,,
7285627,5-100,active,1900000.0,1464.0,12.82,39.782509,-75.15531,510 Mantua Blvd,Sewell,Gloucester,Industrial,Warehouse,L-I,Savills,Jay Joyce,2155634000,2018-12-28,3000000.0,,,,"Acreage, Inc.",6466009181,10-00170-0000-00005,10-00170-0000-00005
21445464,5-100,active,,302.0,8.1,40.0448062,-74.2306956,2351 Massachusetts Ave,Toms River,Ocean,Commercial,,,One Real Estate,Chaya Klein,7326639898,,,1508_145_6.03,geo,80,,,,
21670864,5-100,active,,200.0,10.7,40.4914156,-74.3831658,327 Meadow Rd,Edison,Middlesex,Industrial,Industrial,LI,Colliers,Michael Golarz,2159287569,,,1205_376_2.22,pin,63,YANNUZZI GROUP INC,,05-00376-0000-00002-21,05-00376-0000-00002-22
12353833,5-100,off-market,550000.0,143.0,51.59,40.069035,-74.5587,53 Meany Rd,North Hanover,Burlington,Residential,,RA,ERA Central Realty Group,John Doyle,6092984800,2022-01-04,300000.0,,,,,,26-00902-0000-00002,26-00902-0000-00002
5391301,5-100,active,3999000.0,6101.0,93.0,39.9200758,-74.8247646,212 Medford Mount Holly Rd,Medford,Burlington,Residential,"Hold for Development, Master Planned Community, Single Family Development",AR,Century 21 Alliance,Glenn Todd,6093995711,,,,,,Trollinger Robert J Jr & Const,,20-00302-0000-00014,20-00302-0000-00014
7692371,5-100,active,,106.0,79.34,40.293766,-74.562462,120 Millstone Rd,East Windsor,Mercer,Industrial,R&D,Light Industrial,JLL,Thomas Romano,6096581589,,,,,,GMH Capital Partners Commercial Realty Services,6103558000,01-00002-0000-00001-02,01-00002-0000-00001-02
22191640,5-100,active,2442000.0,32.0,40.7,39.6175374,-75.2243211,27 Monroeville Rd,Monroeville,Salem,Commercial,"Agricultural, Commercial, Single Family Residence",rezoning,Coldwell Banker Realty,Nathanel Banks,8566855600,,,,,,,,,
19664219,5-100,active,,836.0,18.0,39.9125818,-75.0973681,2600 Mount Ephraim Ave,Oaklyn,Camden,Commercial,,C-3,Camden County Improvement Authority,Anthony Bianco,8562255559,,,,,,State Of New Jersey Department Of Transportat,,08-00715-0000-00001,08-00715-0000-00019
11121526,5-100,active,,36.0,20.0,40.0403907,-74.8261086,2501 Mount Holly Rd,Burlington,Burlington,Commercial,"Commercial, Retail",C1,"Metro Commercial Real Estate, Inc.",Luc Champagne,8608331070,2023-04-14,1275000.0,0306_125_1.03,geo,75,Heston Loren Capital Partners,2259273760,06-00125-0000-00002-01,06-00125-0000-00002-01
21506353,5-100,active,495000.0,275.0,47.71,39.433171,-75.120101,357 Nabb Ave,Millville,Cumberland,Agricultural,,FP,"Warner Real Estate & Auction Co, Inc.",Richard Warner,8567694111,,,0603_87_1,geo,46,,,,
5054813,5-100,active,3000000.0,253.0,21.0465,40.8806861,-74.2799045,99 New Dutch Ln,Fairfield,Essex,Commercial,"Apartment Units, Industrial",Industrial,PRE Commercial,John Notte Jr,9736905663,,,0707_1402_2.02,near,70,Vibra Screw Inc.,9732567410,07-01501-0000-00001,07-01501-0000-00001
19632516,5-100,active,1150000.0,901.0,17.0,40.034641,-74.638503,130 New Jersey 68 Rt,Wrightstown,Burlington,Agricultural,Agribusiness,Farm,Corcoran Sawyer Smith,Laura Drago,2016538000,,,,,,,,,
21823573,5-100,active,1250000.0,143.0,42.01,40.076998,-74.715952,1200 New York ave,Mansfield,Burlington,Agricultural,"Agricultural, Single Family Development",R-1,ERA Central Realty Group,John Doyle,6092984800,,,,,,Yong Sim,6097588710,,
12622747,5-100,active,3150000.0,1638.0,100.0,39.3977212,-74.9938559,NEWCOMBTOWN,MILLVILLE,Cumberland,Commercial,,,Foresite Commercial Realty,Samantha Zerafa Roessler,6096461919,,,,,,,,,
6303219,5-100,active,549000.0,2912.0,20.39,41.0407495,-74.7182962,160 Newton Sparta Rd,Andover,Sussex,Commercial,"Commercial, Retail, Single Family Development",Community Business,Coldwell Banker Commercial Realty,Donn McDonald,9734641066,,,,,,Decapua Family Limited Partnership,,02-00118-0000-00003-01-QFARM,02-00118-0000-00003-01-QFARM
14448796,5-100,active,,1170.0,14.85,40.259259,-74.404561,491 NJ-33,Millstone,Monmouth,Agricultural,"Agricultural, Bank, Commercial, Day Care Center, Distribution, Health Care, Health Club, Industrial, Office Park, R&D, Restaurant, Warehouse",PCD,Halo Realty,Allan Argosino,8482291810,,,1333_22_7,near,23,,,,
19316420,5-100,off-market,,252.0,9.47,40.261216,-74.43813,806 NJ-33,Monroe Township,Middlesex,Commercial,,HC,Eagle Realty USA,Gary Drechsel Sr.,9735981500,,,,,,,,,
11371527,5-100,off-market,230000.0,2290.0,6.87,39.27123,-74.74528,1520 Nj-50,Woodbine,Cape May,Commercial,,CMP,Foresite Commercial Realty,Samantha Zerafa Roessler,6096461919,,,,,,John D McAfee,6096011426,11-00382-0000-00019-01,11-00382-0000-00019-01
11173049,5-100,active,35000000.0,273.0,25.0,40.2270091,-74.077337,3501 Nj-66,Neptune,Monmouth,Commercial,"Industrial, Retail",C-3,Newmark,Todd Ward,2014605161,,,1335_3601_5,near,49,Ac I Neptune Llc,,35-03903-0000-00012,35-03903-0000-00012
10895047,5-100,active,595000.0,956.0,8.75,39.8533183,-74.9199086,988 Nj-73,Marlton,Burlington,Commercial,,C-2,RE/MAX Preferred Commercial Division,Bryant Lafferty,8562915880,,,0313_50.03_2,near,19,,,13-00050-04-00003,13-00050-04-00003
11069434,5-100,active,1750000.0,316.0,28.8,40.99388,-74.86424,730 Nj-94,Newton,Warren,Industrial,"Cemetery/Mausoleum, Commercial, Distribution, Food Processing, Health Care, Industrial, Medical, Office, Open Space, Power Center, Public Library, R&D, Warehouse",ROM,Coldwell Banker Commercial Realty,Doug Krentz,9088794900,2019-06-06,,2106_201_31.01,geo,50,,,,
20224956,5-100,active,,542.0,5.15,41.1489855,-74.5960397,3437 NJ-94,Hardyston,Sussex,Commercial,,B-1,Bennett Realty & Development,Tyler Bennett,7328374153,,,,,,Cicerale Farms Llc,,110006700000001603QFARM,110006700000001603QFARM
13822687,5-100,off-market,2000000.0,1347.0,97.17,39.5895081,-75.0700779,Oak Ave,Malaga,Gloucester,Residential,"Neighborhood Center, Single Family Development",R,Penzone Realty,Patricia Baer,8562273004,,,,,,Glen Marsden,,,
9978239,5-100,active,2700000.0,3783.0,27.5,39.4376593,-74.7052703,Oakwood Blvd,Mays Landing,Atlantic,Industrial,Industrial,,Colliers,Tony DiDio,8563164138,,,,,,,,,
22069141,5-100,active,9000000.0,64.0,11.07,40.144878,-74.061197,1419 Ocean rd,Wall,Monmouth,Commercial,"Commercial, Planned Unit Development, Retail",HB/R30,,,,,,1352_274_1,near,38,The Brunetti Organization,7327273300,52-00733-0000-00008-0000-QFARM,52-00733-0000-00008-0000-QFARM
5563592,5-100,active,1450000.0,84.0,14.0,39.3558094,-74.61545,3043 Ocean Heights Ave,Egg Harbor,Atlantic,Industrial,Commercial,RI/R2,Berkshire Fox & Roach Realtors - Northfield,Richard Baehrle,6096410011,,,0108_6601_4,near,83,Hio Llc,,,
7122835,5-100,active,875000.0,113.0,28.91,40.2057617,-74.5529659,1400 Old York Rd,Trenton,Mercer,Residential,"Agribusiness, Agricultural, Pasture/Ranch, Single Family Residence",RR,BHHS Robbinsville NJ,Brian Smith,6098903300,,,,,,County of Mercer,6099896465,12-00044-0000-00023,12-00044-0000-00023
15646740,5-100,active,1400000.0,45.0,10.0,39.372706,-75.013175,609 Orange,Millville,Cumberland,Commercial,,I-1,Halo Realty,Barbara Moran,9738964266,2024-10-11,975000.0,0610_574_3,near,86,Bonanno Joseph,2017963223,10-00581-0000-00004,10-00581-0000-00004
19671831,5-100,active,1300000.0,386.0,10.75,39.7885906,-74.7502136,13 S Park Rd,Southampton,Burlington,Commercial,"Commercial, Retail Warehouse, Warehouse",PVI,Vantage Real Estate Services,Leor Hemo,8567971919,,,,,,,,,
19853323,5-100,active,795000.0,765.0,10.0,40.2683458,-74.7577613,Park Avenue,Ewing,Mercer,Commercial,,Residential,"Keller Williams Realty, Commercial Group",Michael Briehler,6096586423,,,1102_105_9,near,51,,,,
18667586,5-100,active,359920.0,1036.0,16.36,39.728458,-75.455893,150 Penns Grove Auburn,Penns Grove,Salem,Agricultural,Agricultural,AG,American Dream Realty of South Jersey,Joseph Venello,6092383389,,,,,,Robert S Tyson,,02-00048-0000-00007,02-00048-0000-00007
12031762,5-100,active,3560000.0,1978.0,88.0,39.70756,-75.38517,89 Pennsville Auburn Rd,Pedricktown,Salem,Commercial,Commercial,farm,American Dream Realty of South Jersey,Christy Myers,8562996444,,,,,,Alfio G. Puglisi,8562992703,07-00026-00001,07-00026-00001
11315416,5-100,off-market,575000.0,2356.0,9.43,39.682198,-75.4751655,505 S Pennsville Auburn Rd,Penns Grove,Salem,Commercial,Commercial,GC,American Dream Realty of South Jersey,Don Redfield,8562996444,,,1702_218_2,geo,50,CARNEYS POINT HOLDING LLC,,41-005-0172.0000,41-005-0172.0000
21481422,5-100,active,2000000.0,287.0,34.62,39.7335562,-75.1541757,Pitman Rd,Sewell,Gloucester,Commercial,"Apartment Units, Single Family Development",A,Nancy Kowalik Real Estate Group,Nancy Kowalik,8564786562,,,,,,,,,
20938892,5-100,active,2080349.0,518.0,19.1,40.5092428,-74.9560828,719 Pittstown Rd,Frenchtown,Hunterdon,Commercial,Commercial,General Commercial,Coldwell Banker Commercial Realty,Ken Worden,9082956664,,,,,,,,,
21044092,5-100,active,625000.0,431.0,5.0,39.9826422,-74.6756708,000 Pointville Rd,Pemberton,Burlington,Commercial,"Bank, Car Wash, Commercial, Day Care Center, Drug Store, General Freestanding, Health Care, Hospital, Medical, Neighborhood Center, Office, Rehabilitation Center, Restaurant, Self-Storage, Strip Center, Supermarket",Neighborhood Commercial,Blue Chip Equities,Justin Goodman,7325671433,,,0329_806_1.02,pin,88,,,29-00806-0000-00001-02,29-00806-0000-00001-02
20269211,5-100,active,15000000.0,703.0,20.8,40.8370266,-74.2258443,117-135 Pompton Ave,Cedar Grove,Essex,Commercial,"Apartment Units, Apartment Units - Senior, Commercial, Industrial Live/Work Unit, Warehouse",Light Commercial,Realty One Group Paramount,Michael Vera-Silva,2013473255,,,,,,,,,
9599929,5-100,active,,842.0,47.39,39.759944,-75.420181,38 Porcupine Rd,Pedricktown,Salem,Commercial,"Distribution, Industrial, Industrial Park, Warehouse",I,Cresa,Eric Zahniser,6108259298,2014-12-23,604200.0,1707_37_4.01,pin,61,Messer,9084648100,07-00037-0000-00004-01,07-00037-0000-00004-01
19729786,5-100,active,,53.0,17.0,39.758605,-75.4175174,30 Porcupine Road,Pedricktown,Salem,Industrial,Industrial,I,Colliers,Tony DiDio,8563164138,,,,,,,,07-00037-0000-00006,07-00037-0000-00007
21487986,5-100,active,5500000.0,283.0,5.03,40.558956,-74.492345,71 Possumtown Road Rd,Piscataway,Middlesex,Commercial,"Industrial, Truck Terminal, Warehouse",LI5,"Corey, J Schneider Realty",Corey Schneider,9734723909,,,1217_4101_1.02,pin,41,,,17-04101-0000-00001-02,17-04101-0000-00001-02
19725404,5-100,active,650000.0,841.0,10.63,39.4910365,-75.3274504,601 Quinton Marlboro Rd,Bridgeton,Salem,Commercial,"Agribusiness, Agricultural, Hold for Development, Hold for Investment, Master Planned Community, Single Family Development, Single Family Residence, Winery/Vineyard",P-BR,"EXP Realty, LLC",Ray Jones,2154317653,,,,,,,,12 00059-0000-00007,12 00059-0000-00007
10212149,5-100,active,1395000.0,2909.0,12.37,40.8049599,-74.3636133,50 River Rd,East Hanover,Morris,Commercial,"Bank, Medical, Office, Single Family Development",PB-1 and R-40,Coldwell Banker Commercial Realty,Donn McDonald,9734641066,,,1410_96_49,pin,50,New Jersey Medical Diagnostic Assoc,,10-00096-0000-00049-01,10-00096-0000-00049-01
18924012,5-100,active,,987.0,11.2,40.5465212,-74.554615,1 Riverview Dr,Somerset,Somerset,Commercial,Industrial,M1,JLL,Gary Politi,7324912178,,,,,,,,,
6923018,5-100,active,,361.0,6.43,40.8904235,-74.2226155,555 Riverview Dr,Totowa,Passaic,Industrial,Industrial,,Catalyst Real Estate Partners,William Farkas,7323338571,,,1612_179_4,pin,65,V. PAULIUS & ASSOCIATES,2018251050,12-00179-0000-00004,12-00179-0000-00004
11091853,5-100,off-market,795000.0,2654.0,15.59,40.2060917,-74.4373508,Robbins Rd,Millstone,Monmouth,Residential,"Single Family Development, Single Family Residence",R-130,Chen Realty,Allen Chen,7329578889,,,1333_38_4.01,near,61,CHING-KOU TSAI,,33-00038-0000-00010-0000-QFARM,33-00038-0000-00010-0000-QFARM
12804563,5-100,active,,1484.0,7.02,40.4346093,-74.512725,2713 Route 1,North Brunswick,Middlesex,Commercial,,commercial,Curran Commercial,Ryan Curran,7323593203,,,1214_72_2,near,66,,,,
9707230,5-100,active,1450000.0,4060.0,14.7,40.4103219,-74.5411748,Route 1 & Deans Lane,Monmouth Junction,Middlesex,Commercial,"Bank, Commercial, Day Care Center, Health Care, Health Club, Medical, Office, R&D",OP,JLL,Thomas Romano,6096581589,,,1221_86_34.04,pin,83,Ely Thomas J,2018914750,21-00086-0000-00034-04,21-00086-0000-00034-04
12310287,5-100,active,2699900.0,119.0,5.37,40.100882,-74.79101,2068 Route 130 route 130,Burlington,Burlington,Commercial,"Commercial, Hospitality, Hotel, Mixed Use, Motel, Restaurant, Retail, Strip Center",HC,G & G Realtors,Michael Gruosso,7325312003,,,0315_163.02_13.01,geo,53,,,15-00163-02-00013-01,15-00163-02-00013-01
13860818,5-100,active,3500000.0,1296.0,7.0,40.0864958,-74.831221,Route 130 & La Gorce Blvd,Burlington Township,Burlington,Commercial,"Commercial, Retail",B2,Thomas Orban Realtor,Thomas Orban,6095045894,,,0306_146_4.06,geo,65,,,,
21024758,5-100,off-market,,450.0,19.12,40.9122701,-74.0697876,124 S Route 17,Paramus,Bergen,Commercial,"Industrial, Mixed Use, Retail",HCC-2,Newmark,Dean Tselepis,2014605156,,,,,,,,46-00413-0000-00004,46-00413-0000-00006
6482073,5-100,off-market,4450000.0,6658.0,15.22,40.611753,-74.627295,821-831 Route 202-206,Bridgewater,Somerset,Commercial,Commercial,commercial,Deluccia Commercial Group/Berkshire Hathaway Fox &,Timothy Deluccia,7329072901,,,,,,Poliacik Linda & David M,9086853055,,
9077215,5-100,active,3500000.0,512.0,18.67,40.0955072,-74.7144203,3207 Route 206,Mansfield,Burlington,Commercial,"Agricultural, Bank, Commercial, Fast Food, Hold for Development, Hotel, Mixed Use, Parking Lot, Restaurant, Retail, Storefrnt Retail/Residntl",C2,"Cushman & Wakefield of New Jersey, LLC.",Andrew Roberts,7326234700,,,0318_30_9.03,near,85,Vincenco Buffolino Antonio Iadevaia,,18-00004-0000-00010-01-QFARM,18-00004-0000-00010-01-QFARM
1487266,5-100,active,1250000.0,39.0,18.24,40.6436261,-74.859,1480 Route 22 W,Clinton Township,Hunterdon,Commercial,"Commercial, Hospitality, Retail",C-2,"Weichert Commercial Brokerage, Inc.",David Chippendale,9738988682,,,,,,Gabt Llc,,06-00013-01-00001-0000-Q0328,06-00013-01-00001-0000-Q0328
7285752,5-100,active,10900000.0,550.0,9.74,40.583214,-74.512177,373-377 E Route 22,Green Brook,Somerset,Commercial,"Auto Dealership, Restaurant, Retail",C-3,Prominent Properties Commercial,David Simon,2015685668,2025-03-26,6200000.0,1806_821_25,near,64,Yuriy Mirgorodskiy,2019444020,09-00002-0000-00002,09-00002-0000-00002
8285577,5-100,active,1750000.0,1864.0,14.53,40.6445252,-74.8168912,1121 E Route 22,Lebanon,Hunterdon,Commercial,"Commercial, Hospitality, Restaurant, Strip Center",CROM,Weichert Realtors,William Rakay,9087975297,,,,,,BITOW JOHN S,,,
7820667,5-100,active,699900.0,533.0,9.34,41.1939298,-74.5901802,270-310 Route 23,Wantage Twp,Sussex,Commercial,"Auto Dealership, Commercial, Restaurant",Highway Commercial,Evergreen Commercial Real Estate,Douglas Balduini,9733320518,,,1924_3_2.07,pin,58,Durling Realty Llc,,24-00003-0000-00002-07,24-00003-0000-00002-07
20277823,5-100,off-market,3600000.0,695.0,46.9,40.4139017,-74.5877043,3995 Route 27,Princeton,Somerset,Commercial,,RR3,BHHS Fox & Roach,Nicolas DiMeglio,6099241600,,,,,,SMITH HELEN BRENER,,08-00005-02-00058,08-00005-02-00058
10039659,5-100,active,3150000.0,4346.0,41.0,40.4096101,-74.5880277,4075 Route 27,Princeton Township,Somerset,Residential,,RR3,Berkshire Hathaway Fox & Roach - Devon-Wayne,Winn Thompson,6097379100,,,1221_96_19,near,71,Kerani Realty Llc,,08-00005-02-00061,08-00005-02-00061
20279147,5-100,active,1400000.0,695.0,14.29,40.3940525,-74.5942303,4371-4373 Route 27,Princeton,Somerset,Commercial,"Religious Facility, Schools, Single Family Residence, Veterinarian/Kennel",RR5,BHHS Fox & Roach,Nicolas DiMeglio,6099241600,,,,,,,,,
10257154,5-100,active,1952250.0,3398.0,26.03,40.4430389,-74.8545303,Route 31,Ringoes,Hunterdon,Commercial,Commercial,HO,Simone Realty,John Simone,6098821105,,,,,,,,,
9191756,5-100,active,5000000.0,1134.0,15.0,40.6360643,-74.8853567,1490 Route 31 N,Clinton Township,Hunterdon,Commercial,Commercial,OB1,Corcoran Sawyer Smith - Flemington,Jack Aquila,9087820100,,,1006_58_9,pin,73,Sweet Fish Holdings Llc,,06-00058-0000-00009,06-00058-0000-00009
11175128,5-100,off-market,1400000.0,1415.0,6.0,39.7649061,-75.3156316,2115 Route 322,Woolwich,Gloucester,Commercial,"Auto Dealership, Auto Repair, Bank, Day Care Center, Funeral Home, Health Care, Health Club, Hold for Development, Industrial, Lodge/Meeting Hall, Office, Parking Garage, Restaurant, Retail, Self-Storage, Storefront, Storefront Retail/Office, Utility Sub-Station, Winery/Vineyard",COR-1,Vantage Real Estate Services,Leor Hemo,8567971919,,,,,,,,24-00011-0000-00006-02,24-00011-0000-00006-04
8782642,5-100,off-market,,1022.0,5.0,40.2925411,-74.039773,Route 36 West,Eatontown,Monmouth,Commercial,Retail,SF-20,RIPCO Real Estate,Steven Winters,7327689898,,,,,,"Club Old Orchard Llc, The",,12-02701-0000-00069,12-02701-0000-00069
20873051,5-100,active,2200000.0,249.0,7.1,39.9721142,-74.8496999,1288 Route 38,Hainesport,Burlington,Commercial,Office,,Wolf Commercial Real Estate L.L.C.,Jason Wolf,8568576300,,,,,,Ameri Leasing Inc,,16-00103-01-00002,16-00103-02-00001
20236116,5-100,active,,730.0,100.0,39.4403676,-74.7079671,Route 40,Mays Landing,Atlantic,Commercial,"Bank, Baseball Field, Bowling Alley, Commercial, Community Center, Day Care Center, Fast Food, Health Care, Health Club, Hospital, Hospitality, Hotel, Industrial, Industrial Park, Medical, Mixed Use, Office, Office Park, Planned Unit Development, R&D, Rehabilitation Center, Restaurant, Retail Warehouse, Veterinarian/Kennel, Warehouse",Industrial Business Park,Colliers,Tony DiDio,8563164138,,,,,,,,,
9111356,5-100,active,,189.0,100.0,39.4448275,-74.7108906,Route 40,Mays Landing,Atlantic,Commercial,"Commercial, Distribution, Health Care, Hospital, Industrial, Industrial Park, Medical, Mixed Use, Office, Office Park, Police/Fire Station, R&D, Schools, Truck Terminal, Warehouse",IBP,Colliers,Tony DiDio,8563164138,,,,,,Hamilton Township Industrial Comm,6099090246,,
11459096,5-100,active,,1312.0,17.08,39.68338,-75.42159,60 Route 40,Carneys Point,Salem,Commercial,"Commercial, Industrial, Parking Lot, Retail, Service Station, Truck Stop, Truck Terminal, Warehouse",General Commercial,Curran Commercial,Ryan Curran,7323593203,2024-12-17,999999.0,1702_250_5,geo,79,Atlantic City Electric Company,,02  00250-0000-00005-0000-QFARM,02  00250-0000-00005-0000-QFARM
10161168,5-100,active,490000.0,1992.0,5.0,39.6789717,-75.4690684,367 Route 40,Carneys Point,Salem,Commercial,"Agricultural, Commercial",O,COMPASS,Natalie Jeker,2674358015,,,1702_258_10,near,29,Josefina Jeker,6092026547,02-00265-00001,02-00265-00001
12876871,5-100,active,,702.0,16.000137,40.6818907,-74.097,7708 Route 440,Jersey City,Hudson,Industrial,"Industrial, Truck Terminal",ios warehouse,JLL,Dean Brody,2015284410,,,0906_30305_3,near,85,,,,
9279998,5-100,active,4000000.0,2650.0,17.0,40.8452433,-74.805707,100 Route 46,Hackettstown,Morris,Commercial,"Commercial, MultiFamily, Office, Restaurant",OR,Newmark,Trevor Patterson,2014605165,,,,,,Kardan Hackettstown Llc,,,
7925879,5-100,active,400000.0,2608.0,11.36,40.839528,-75.028574,454 Route 46,Belvidere,Warren,Commercial,"Distribution, Retail, Warehouse",Industrial,Melchor Realty,Susan DiLeo,9086724221,,,,,,Michael & Constance Pryslak,9084533176,,
21606042,5-100,off-market,1500000.0,229.0,8.84,40.1828055,-74.5400851,Route 524,Upper Freehold,Monmouth,Commercial,"Agricultural, Day Care Center, Fast Food, Office, Restaurant, Retail, Single Family Residence, Strip Center",HD,Berkshire Hathaway HomeServices Fox & Roach Realto,Wayne Litwin,9087534450,,,,,,,,51-00023-01-00001,51-00023-01-00001
20992119,5-100,active,12500000.0,32.0,45.0,40.0709337,-74.4680364,720 Route 539 rd,Plumsted,Ocean,Industrial,,RD1,Action USA Jay Roberts Realtors,Jay Ricigliano,6098906858,,,,,,,,24-00076-0000-00083-01,24-00076-0000-00083-01
10355555,5-100,active,895000.0,940.0,10.21,39.7398725,-74.9100072,Route 73,Berlin,Camden,Industrial,Industrial,PI1,Binswanger,Michael Torsiello,2154486210,,,0436_3202_2.01,near,51,Vessella Joann,,36-03203-0000-00002,36-03203-0000-00002
12215468,5-100,active,995000.0,1926.0,14.0,39.7154785,-74.8996147,3203-3 Route 73,Berlin,Camden,Commercial,,PI1,Century 21 Reilly Realtors,Charles Maimone,8567671776,,,,,,,,,
11383752,5-100,active,450000.0,513.0,15.2,39.7326538,-74.9075061,N Route 73,Berlin,Camden,Industrial,"Auto Dealership, Commercial, Distribution, Hotel, Industrial, Office",PI-1 - PR-4 and PC -2,Century 21 Reilly Realtors,Charles Maimone,8567671776,,,,,,,,,
10716242,5-100,active,650000.0,675.0,9.0,39.7276961,-74.9035811,110 N Route 73,Berlin,Camden,Commercial,,PC1,Century 21 Reilly Realtors,Charles Maimone,8567671776,,,0436_3901.01_41,geo,91,Bari Saraj,,,
21096270,5-100,active,999000.0,395.0,16.23,39.7543241,-74.9079709,N Route 73 & Taylor Woods Blvd,Berlin,Camden,Commercial,Commercial,PC-2,Suburban City Commercial,Glenn Gaines,2159950191,,,0436_2504_4.05,geo,93,,,,
8825514,5-100,active,2200000.0,29.0,6.02,40.3792034,-74.2426384,446 Route 79,Morganville,Monmouth,Commercial,"Commercial, Self-Storage",C-50,Sitar Company,"William Sitar, Jr",7326232155,2018-05-16,,,,,Cwz Warehousing Co.,,30-00132-0000-00009,30-00132-0000-00009
5442909,5-100,active,1300000.0,140.0,9.3,39.6010726,-74.3619625,614 Route 9,Little Egg Harbor,Ocean,Commercial,"Bank, Bowling Alley, Car Wash, Community Center, Day Care Center, Fast Food, Medical, Mixed Use, Neighborhood Center, Office, Restaurant, Retail, Self-Storage, Storefrnt Retail/Residntl, Storefront, Storefront Retail/Office, Strip Center",GB,"Legacy Commercial Realty, LLC",Matt Miller,7323336380,,,1517_287_9.02,pin,85,Sciano Brothers,,17-00287-0000-00009-02,17-00287-0000-00009-02
21344291,5-100,active,,336.0,7.41,39.0628872,-74.8361054,1101 S Route 9,Cape May Court House,Cape May,Commercial,Single Family Development,TB,JLL,Rick Widerman,8563245301,,,0506_355.03_13.01,near,61,SDK PROPERTIES LLC,,06-00355-01-00006,06-00355-01-00007
3466,5-100,off-market,1495000.0,453.0,10.32,40.5120309,-74.8438917,29 Royal Rd,Flemington,Hunterdon,Commercial,"Agribusiness, Agricultural, Auto Repair, Commercial, Day Care Center, Hold for Development, Hold for Investment, Hospitality, Industrial, Industrial Park, Lodge/Meeting Hall, Office, Police/Fire Station, Public Park, Self-Storage, Veterinarian/Kennel, Warehouse",I-2,Weichert Realtors,Howard Bucky Buchanan,9087358140,2016-06-01,500000.0,,,,Flemington Rariton Rescue Squad,9087826103,21-00036-02-00019-0000-Q0270,21-00036-02-00019-0000-Q0270
21614632,5-100,active,500000.0,226.0,8.0,39.5604674,-75.0182531,Rt 40 & Rosemont Ave,Newfield,Gloucester,Commercial,,C2,Coldwell Banker Realty,Heather Viruet,8563054282,,,,,,,,13-00402-0000-00003-0000-QFARM,13-00402-0000-00003-0000-QFARM
57431,5-100,active,6000000.0,1071.0,6.75,40.3418765,-74.3086024,205 Rt 9 S,Marlboro,Monmouth,Commercial,"Commercial, Contractor Storage Yard, Convenience Store, Hold for Development, Office, Planned Unit Development, Retail, Single Family Development, Single Family Residence, Storefront Retail/Office, Warehouse",R-20 & C-3,Douglas Elliman,Jon Smilowitz,2123629600,2022-04-28,92575.0,,,,Sidhi Properties Llc,,30-00286-0000-00011,30-00286-0000-00011
7751429,5-100,active,850000.0,2839.0,10.03,40.2269884,-74.0680749,3322 Rt-66,Neptune,Monmouth,Commercial,,C-2,Mynt Equities LLC.,Jonathan Smouha,9737777855,,,1335_2401_1,pin,45,Mynt Equities LLC.,9737777784,35-02401-0000-00001,35-02401-0000-00001
21612924,5-100,active,1900000.0,226.0,71.0,40.8745495,-75.032624,28 Sarepta Rd,Columbia,Warren,Agricultural,Agricultural,,Century 21 North Warren Realty,John Abromitis,9088520007,,,,,,,,,
5995885,5-100,active,,618.0,18.5,40.7629483,-74.1406762,450 Schuyler Ave,Kearny,Hudson,Industrial,Hold for Development,Industrial,Greiner-Maltz of New Jersey LLC,Raymond Musalo,2017865050,,,0907_226_3,near,91,,,,
9161068,5-100,active,,1192.0,27.0,40.2294164,-74.103923,3230 Shafto Rd,Tinton Falls,Monmouth,Industrial,Industrial,MFG,JLL,Gary Politi,7324912178,,,,,,Mazza Recycling,7329229292,,
12768772,5-100,active,,185.0,41.938891,39.6878555,-75.484466,505 Shell Rd,Carneys Point,Salem,Commercial,Warehouse,GI,CBRE,Andrew Green,6102515183,2025-08-28,1500000.0,1702_193_4,pin,55,Carney Shell Urban Renewal LLC,,02-00193-0000-00004,02-00193-0000-00004-01
21532890,5-100,active,,262.0,29.16,39.7003668,-74.9834606,748 Sicklerville Rd,Williamstown,Gloucester,Industrial,Industrial,CC,Cushman & Wakefield,John Gartland,2014920553,2026-03-16,,0811_2201_11.25,geo,77,NVR Mortgage,8563339655,11-02201-0000-00005,11-02201-0000-00007
21594544,5-100,off-market,325000.0,233.0,8.1,39.724648,-74.9777198,Block 2203 Sicklerville Rd,Sicklerville,Camden,Commercial,"Agricultural, Single Family Residence",RH,Vantage Real Estate Services,Leor Hemo,8567971919,,,0436_2102.01_24,near,80,,,,
10737094,5-100,active,650000.0,774.0,9.81,39.4342585,-75.036587,274 Smith St,Vineland,Cumberland,Commercial,Commercial,B4,DePalma Realty,Larry DePalma,8568255500,,,0614_7004_38,pin,86,Fina Dom Llc,,14-07004-0000-00038,14-07004-0000-00038
22267134,5-100,active,1299900.0,18.0,85.36,41.103704,-74.708937,47 Snover Rd,Lafayette,Sussex,Commercial,"Single Family Development, Single Family Residence",Residential 1 Family,Weichert Realtors,Neil Murjani,9734616090,,,,,,,,,
10015530,5-100,off-market,30000.0,3748.0,55.0,40.9377552,-74.6931312,26 Stanhope Sparta Rd,Stanhope,Sussex,Residential,Apartment Units,,JP DealMaker Realty,John Ponczek,9088130987,,,,,,,,,
11364519,5-100,active,2750000.0,548.0,25.17,40.35111,-74.39735,39 N State Home Rd,Monroe Township,Middlesex,Residential,Single Family Development,R30,Keller Williams Realty,Joseph Spinella,7325467501,,,,,,,,12-00076-0000-00024,12-00076-0000-00024
10594963,5-100,active,1100000.0,3077.0,10.0,40.5119431,-74.9738304,863 State Route 12,Frenchtown,Hunterdon,Industrial,"Commercial, Industrial, Warehouse",Industrial/Warehouse,Corcoran Sawyer Smith - Flemington,Anthony De Sapio,9087820100,,,,,,,,,
10106180,5-100,active,,1477.0,97.81,40.9966041,-74.5999858,State Route 15 N,Jefferson,Morris,Residential,"Public Park, Single Family Development, Utility Sub-Station",Rural Conversion,"American Properties Realty, Inc.",Greg Kanter,7322839700,2008-10-07,862000.0,1414_320.05_1.01,geo,15,Public Service Enterprise Group,9734307000,,
7100706,5-100,active,1400000.0,700.0,16.0,40.4325449,-74.551218,3241 State Route 27,Franklin Park,Somerset,Commercial,"MultiFamily, Single Family Development",CR,BHHS Fox & Roach,Nicolas DiMeglio,6099241600,,,1808_34.08_54.01,near,57,Andrew & Lillian Sedneff,7324226511,08-00034-0008-00057,08-00034-0008-00057-0000-Q-FARM
12204578,5-100,active,3855005.0,170.0,9.0,40.960063,-75.043929,311 State Route 94,Columbia,Warren,Industrial,Industrial,,"The Kislak Company, Inc.",Julie Gralla,7327503000,2022-10-07,475000.0,2104_504_8.08,near,58,,,,
9566566,5-100,active,299900.0,1162.0,6.8,41.171051,-74.5512272,4-16 State Rt 94,Vernon,Sussex,Commercial,,C-2,Realty Executives,Christopher Bruscino,9739035917,,,1922_607_20,geo,19,Covello I L & Anthony,,22-00270-0000-00007,22-00270-0000-00007
10953077,5-100,off-market,,2821.0,5.09,40.5519281,-74.4339505,1028 Stelton Rd,Piscataway,Middlesex,Commercial,Retail,GB,NAI DiLeo-Bram & Co.,Marc Shein,7329853000,,,1217_5401_1.02,pin,80,Sunoco Part Mrtg,,17-05401-0000-00001-02,17-05401-0000-00001-02
11535117,5-100,off-market,,2132.0,57.85,39.727558,-75.4076769,Straughns Mill Rd,Pedricktown,Salem,Commercial,Distribution,CI,Cushman & Wakefield,John Gartland,2014920553,,,,,,Jenny Park Oh,,07-00029-01-00014,07-00029-01-00014
20861595,5-100,active,,583.0,8.5,39.964065,-74.924956,SW Corner of Rt 38,Mount Laurel,Burlington,Commercial,"Commercial, Storefront Retail/Office",MCD,MSC,Danny Wolf,2158837398,,,,,,,,,
21083032,5-100,active,,403.0,32.0,39.8197735,-75.2559777,299 Swedesboro Ave,Gibbstown,Gloucester,Commercial,"Commercial, Retail",C,Rohrer & Vail Real Estate,Jeffrey Bisk,8568588800,,,,,,,,,
19653956,5-100,active,1200000.0,206.0,9.43,39.4177596,-75.2120874,TBD--South Burlington Road and Pamphilla Road,Bridgeton,Cumberland,Residential,"Apartment Units, Planned Unit Development, Single Family Development, Storefrnt Retail/Residntl",PMU-1,RE/Max Centre Realtors,Joseph Gaul,2153438200,,,0601_183_54,geo,86,,,,
11539984,5-100,active,,2125.0,7.6,40.2595422,-74.6857054,28-38 Thomas J Rhodes Industrial Dr,Hamilton Township,Mercer,Industrial,"Apartment Units - Senior, Distribution, Industrial, Manuftrd Hms/Mobl Hm Prk, Medical, Office Park, Parking Lot, Recycling Center, Rehabilitation Center, Religious Facility, Retail Warehouse, Self-Storage, Theater/Concert Hall, Warehouse, Water Retention Facility",I,Rohrer & Vail Real Estate,Jeffrey Bisk,8568588800,,,,,,Capri Associates Llc,,03-01519-0000-00016,03-01519-0000-00021
12622729,5-100,active,350000.0,1638.0,6.52,39.416994,-74.570626,2583 Tilton Rd,Egg Harbor Township,Atlantic,Commercial,,RG4,Foresite Commercial Realty,Samantha Zerafa Roessler,6096461919,,,0108_1209_4,geo,91,,,,
8950213,5-100,active,,1284.0,7.87,40.2999839,-74.0897656,Tinton Ave,Tinton Falls,Monmouth,Commercial,"Apartment Units, Office, Restaurant, Retail, Single Family Development",OSGU,Sitar Company,Douglas Sitar,7326232135,,,,,,New Jersey Economic Development Authority,6098025689,49-00101-0000-00001,49-00101-0000-00001
7088466,5-100,active,,358.0,37.27,39.8047157,-75.2870923,Tomlin Station Rd Rd,Gibbstown,Gloucester,Commercial,"Industrial, Warehouse",,KBC Advisors,Sean Kelly,8566305806,,,,,,Ragusa Mollie,9149373924,07-00256-0000-00001-0000-QFARM,07-00256-0000-00001-0000-QFARM
21823221,5-100,off-market,,143.0,17.98,40.2273509,-74.6008501,1195 U.S. 130,Robbinsville,Mercer,Commercial,,"MU-ARCD, HC",Joseph R. Ridolfi & Associates,Joseph Ridolfi,6095814848,,,1112_26_3.01,geo,59,,,,
12511379,5-100,active,675000.0,1680.0,14.72,39.688764,-75.126904,291 Union St,Glassboro,Gloucester,Commercial,,M-1,"Warner Real Estate & Auction Co, Inc.",Richard Warner,8567694111,,,,,,,,,
7976342,5-100,active,3500000.0,63.0,10.0,40.3948906,-74.5602869,4056-4064 US 1,Monmouth Junction,Middlesex,Commercial,"Commercial, Retail",OP,"The Kislak Company, Inc.",Matt Weilheimer,9085960700,2024-06-05,1284445.0,1221_84.03_8.15,near,83,James P. Meeks,7036258585,21-00084-03-00008-032,21-00084-03-00008-17
21340841,5-100,active,449000.0,337.0,8.25,40.3281197,-74.5086909,US 130,Cranbury,Middlesex,Residential,"Agricultural, Commercial","R-LI, 1",G & G Realtors,Michael Gruosso,7325312003,,,1202_25_15,pin,50,,,02-00025-0000-00015,02-00025-0000-00015
5392740,5-100,active,4150000.0,2159.0,5.57,40.234342,-74.5907292,1227 Us 130,Robbinsville,Mercer,Commercial,"Auto Dealership, Bank, Medical, Mixed Use, Office, Retail, Warehouse",OC-1,"Fennelly Associates, Inc.",Gerard 'Jerry' Fennelly,6095200061,,,1112_10_22.01,pin,65,Genesis Investment Properties,8773004422,12-00010-0000-00022-01,12-00010-0000-00022-01
10897584,5-100,active,,2877.0,39.75,40.1191328,-74.75876,5217 US 130,Bordentown,Burlington,Industrial,"Industrial, Industrial Park, Service Station, Truck Terminal, Warehouse",Heavy Industrial,"American Properties Realty, Inc.",Greg Kanter,7322839700,,,0318_67_3,pin,27,Pseg Services Corp,,18-00067-0000-00003,18-00067-0000-00003
13834748,5-100,off-market,,763.0,6.36,40.2067696,-74.6316794,988 US Highway 130,Hamilton,Mercer,Commercial,Commercial,Commercial,Lee & Associates Central Florida,Chris Griffith,3212818508,,,1103_2596_8,pin,80,,,03-02596-0000-00008,03-02596-0000-00008
21778977,5-100,active,550000.0,161.0,6.738487,40.9309821,-74.719762,71 US Highway 206,Stanhope,Sussex,Commercial,"Commercial, Retail",VB,RE/MAX 1st Advantage - Clark,Robert Dekanski,7328275344,,,,,,,,04-00034-0000-00016-0000-QFARM,04-00034-0000-00016-0000-QFARM
20916145,5-100,active,2849000.0,534.0,10.0,40.5819814,-74.5154532,2000 US Highway 22,Bound Brook,Somerset,Commercial,"Commercial, Medical, Office, Retail",C-3,Evergreen Commercial Real Estate,Douglas Balduini,9733320518,,,1806_821_25,near,64,JOHN EVANS; EVANS L CO-TRUSTES,,06-00382-0000-00002,06-00382-0000-00002
12717867,5-100,active,749700.0,1570.0,6.7,40.608347,-74.705687,3366 US Highway 22,Branchburg,Somerset,Commercial,,commercial,Deluccia Commercial Group/Berkshire Hathaway Fox &,Timothy Deluccia,7329072901,,,,,,,,,
10167346,5-100,active,1800000.0,695.0,7.38,40.6343745,-74.7840356,474 Us Highway 22 W,White House Station,Hunterdon,Commercial,,AR,BHHS Fox & Roach,Nicolas DiMeglio,6099241600,,,1022_4_41,near,87,Leonard Ronald T,,22-00004-0000-00044,22-00004-0000-00044
13839097,5-100,off-market,5500000.0,1326.0,8.0,40.1796438,-74.2436905,2455 US Highway 9,Howell,Monmouth,Commercial,Retail,HD-1,Century 21 Action Plus Realty,Bernard Gutherz,8002992129,,,,,,,,,
12824577,5-100,active,1800000.0,1466.0,5.79,40.5313281,-74.6267764,212 US HIGHWAY ROUTE 206,Hillsborough,Somerset,Commercial,,I-1,CBRE,Samuel Bernhaut,2017125884,,,1810_142_33,geo,80,,,,
11340699,5-100,off-market,2175000.0,2326.0,5.47,40.5954449,-74.669427,351 US Hwy 22,Bridgewater,Somerset,Commercial,,C3,Deluccia Commercial Group/Berkshire Hathaway Fox &,Timothy Deluccia,7329072901,,,,,,,,,
13976642,5-100,active,1500000.0,1207.0,9.07,40.6445809,-74.854194,1450 US Hwy 22,Annandale,Hunterdon,Commercial,,CROM,Lee & Associates Commercial Real Estate Services,Beth Chezmar,7322041126,,,,,,,,06-00013-01-00007,06-00013-01-00007
5605153,5-100,active,50000000.0,2445.0,152.0,40.8729168,-74.6972604,200 Us-206,Flanders,Morris,Industrial,Industrial,Industrial,SK Realty & Development,Michael Karczynski,7324653535,2018-05-30,669905.0,1427_4500_35,pin,15,Sunoco,7329811521,27-04500-0000-00035,27-04500-0000-00035
12853130,5-100,active,,1456.0,7.69,40.8438152,-75.0538322,495 US-46,Belvidere,Warren,Commercial,"Commercial, Neighborhood Center, Retail",commercial,,,,,,2123_54.01_1,geo,70,,,23-00054-01-00001,23-00054-01-00001
14633795,5-100,active,,227.0,20.0,40.1425076,-74.1833229,150 Victory,Howell,Monmouth,Commercial,"Commercial, Distribution, Food Processing, Hold for Development, Hold for Investment, Industrial, Industrial Park, R&D, Refrigeration/Cold Stor, Retail Warehouse, Warehouse",3A,Active Acquisitions,Seth Gerszberg,8483330880,,,1321_41_17,geo,51,STAVOLA REALTY COMPANY,,,
19839509,5-100,active,2500000.0,415.0,5.25,39.7395361,-75.4555267,305 N Virginia Ave,Penns Grove,Salem,Commercial,"Contractor Storage Yard, Industrial",LC,American Dream Realty of South Jersey,Christy Myers,8562996444,,,,,,MASSARI CYNTHIA D,,02-00035-0000-00002,02-00035-0000-00002
21027206,5-100,active,2000000.0,448.0,10.0,39.4868791,-75.0559963,W Landis Ave,Vineland,Cumberland,Commercial,,B4,Atlas Real Estate,Nick Fiocchi,8563691000,,,0614_3501_9,geo,79,,,,
12237360,5-100,active,,645.0,10.98,40.905553,-74.736675,217 Waterloo Valley Rd,Mount Olive,Morris,Industrial,"Distribution, Industrial, Warehouse","G-I, General Industrial","Commercial Property Agents, LLC",Jeffrey Rosenberg,9737946591,,,1427_402_2,near,15,The Morris Companies,2018048700,,
12853200,5-100,active,989900.0,1456.0,58.0,40.4451367,-74.8063622,281 Wertsville Rd,Ringoes,Hunterdon,Agricultural,Agricultural,commercial,Coldwell Banker Commercial Realty,Ken Worden,9082956664,2023-09-07,1400000.0,,,,Gambit Beota Llc,,,
13924629,5-100,active,600000.0,1234.0,7.0,39.4601545,-75.0288843,1790 S West Blvd,Vineland,Cumberland,Commercial,"Commercial, Industrial",I-3,Colliers,Tony DiDio,8563164138,,,,,,,,,
12605545,5-100,active,925000.0,171.0,9.0,39.4342357,-75.0308415,3580 S West Blvd,Vineland,Cumberland,Commercial,Industrial,I-B,eXp Realty,Carlo Drogo,8662016210,,,0614_7004_12.01,near,79,,,14-07004-0000-00020,14-07004-0000-00020
21681737,5-100,active,499900.0,196.0,19.95,39.5179355,-74.9558,Wheat Road,Vineland,Atlantic,Commercial,,AG,Vantage Real Estate Services,Ken Richardson,6093460512,,,,,,,,,
22191677,5-100,active,672000.0,32.0,11.2,39.6573121,-75.1865969,1060 Whig Ln,Monroeville,Salem,Commercial,"Agribusiness, Agricultural, Commercial, Single Family Residence",pending zoning,Coldwell Banker Realty,Nathanel Banks,8566855600,,,1714_23_5,near,42,,,,
19264755,5-100,active,795000.0,963.0,9.01,39.505994,-74.612803,823 White Horse,Egg Harbor City,Atlantic,Commercial,Self-Storage,HC-2,L.C. Realty,"Linda Cinelli CCIM, CEA",9087225661,,,0111_323_15,near,88,,,,
13093628,5-100,active,375000.0,1397.0,14.37,39.724288,-74.862795,25 White Horse Pike,Waterford Works,Camden,Commercial,Commercial,PC3,Berkshire Hathaway Fox & Roach - Devon-Wayne,Sid Benstead,8568105710,,,0436_4701_12,geo,96,,,,
8061241,5-100,active,1750000.0,5541.0,20.0,39.776234,-74.90834,181-211 White Horse Pike,Atco,Camden,Commercial,"Commercial, Retail",PHB,Century 21 Reilly Realtors,Charles Maimone,8567671776,,,0411_60_13,pin,85,Meisenzahl Partners Llc,,11-00060-0000-00013,11-00060-0000-00013
21695789,5-100,active,,142.0,32.05,39.787698,-74.921085,331 White Horse Pike,Berlin,Camden,Commercial,"Commercial, Hold for Development, Industrial, Mixed Use, Office, Retail, Self-Storage, Single Family Development",PC-2,CBRE,Stephen Marzullo,6102515161,2011-12-19,275000.0,,,,BERLIN WALL HOLDINGS,,05-01502-0000-00001-0000-B01,05-01502-0000-00003-0000-B01
649577,5-100,active,1200000.0,219.0,19.179982,39.4251184,-74.5017926,104-108 W White Horse Pike,Galloway,Atlantic,Commercial,"Commercial, Mixed Use, Retail, Retail Warehouse, Storefront, Storefront Retail/Office",HC 1,Berkshire Fox & Roach Realtors - Northfield,Richard Baehrle,6096410011,,,,,,,,,
20268686,5-100,active,2500000.0,703.0,5.38,40.2216833,-74.6878651,1709 Whitehorse Mercerville Rd,Hamilton Township,Mercer,Commercial,R&D,REO-5,Sitar Company,"William Sitar, Jr",7326232155,,,1103_2167_1256,pin,80,,,03-02167-0000-01256,03-02167-0000-01256
21591581,5-100,active,,234.0,5.5,40.0635573,-74.2640886,427-429 Whitesville Rd,Jackson,Ocean,Commercial,"Commercial, Office, Warehouse",I,One Real Estate,Chaya Klein,7326639898,,,1512_22301_15,near,68,Yakov Labkovsky,,12-22203-0000-00011,12-22203-0000-00011
21011249,5-100,active,,462.0,7.32,39.9996772,-74.2116597,1471 Whitty Rd,Toms River,Ocean,Commercial,"Office, Retail",commerical,Lee & Associates Commercial Real Estate Services,Mark Fowler,7329962966,,,1508_410_28,near,75,,,,
899089,5-100,active,,190.0,10.0,39.7482637,-75.125628,465 Woodbury-Glassboro Rd,Sewell,Gloucester,Commercial,Retail,HC,CBRE,Connor Cunningham,2155618900,,,0810_244_8,pin,80,Dominick Caruso III,9085813810,10-00244-0000-00007,10-00244-0000-00008
16318878,5-100,active,250000.0,1113.0,5.44,40.192566,-74.664701,830 Yardville Hamilton Square Road,Hamilton,Mercer,Commercial,Commercial,R&D,"Fennelly Associates, Inc.",Gerard 'Jerry' Fennelly,6095200061,,,1103_2607_42,geo,61,,,,
12804543,5-100,active,,1484.0,5.62,40.4398089,-74.5083665,,North Brunswick,Middlesex,Commercial,,commercial,Curran Commercial,Ryan Curran,7323593203,,,1214_141_37,near,90,,,14-00004-46-00001-0301,14-00004-46-00001-0301
21050203,5-100,active,125000.0,428.0,8.06,39.355957,-74.801209,182 1st Ave,Estell Manor,Atlantic,Residential,,R-5,Burgos Realty Company,Desiree Burgos,9733376475,,,0109_23_41,pin,15,Arcia Steven,,09-00023-0000-00041,09-00023-0000-00041
22182647,5-100,active,,36.0,15.27,39.827488,-75.0551945,1516-1566 Chews Landing Rd,Blackwood,Camden,Residential,,"R1, R2",Vantage Real Estate Services,Leor Hemo,8567971919,,,0415_7602_22,pin,86,,,15-07602-0000-00022,15-07602-0000-00022
21124615,5-100,off-market,899000.0,393.0,79.34,40.7372656,-75.1750089,119 Buttonwood Ln,Phillipsburg,Warren,Residential,"Agricultural, Planned Unit Development, Single Family Development",AR-250,Fiedler Real Estate,Jeffery Fiedler,9088522200,,,,,,,,2110_46_4.09_QFARM,2110_46_4.09_QFARM
20969250,5-100,active,6500000.0,493.0,85.0,40.1865175,-74.598531,Circle Drive,Robbinsville,Mercer,Residential,,,Site Search of New Jersey Corporation,Mark Olinsky,6097314111,,,,,,,,,
21988433,5-100,active,1500000.0,85.0,7.95,39.6204606,-75.0292182,2985 Coles Mill Rd,Franklinville,Gloucester,Industrial,"Auto Salvage Facility, Industrial",RA,RE/MAX Preferred,Eric Farhat,8566162626,,,0805_901_28,near,61,NORTHEAST DIESEL NJ LLC,,05-00901-0000-00029,05-00901-0000-00030
19831976,5-100,active,3700000.0,780.0,53.0,40.314118,-74.5871989,Cranbury Neck Road,Plainsboro,Middlesex,Commercial,,,,,,,,,,,,,,
12042527,5-100,active,,1977.0,8.7,39.7441808,-74.9914588,500 Cross Keys Rd,Sicklerville,Camden,Commercial,"Community Center, Retail",CM,MSC,Scott Weiss,4849198233,,,,,,,,36-00404-0000-00005,36-00404-0000-00005
19831993,5-100,active,3700000.0,780.0,16.0,40.318627,-74.58685,Derry Meeting Drive and Grovers Mill Road,Plainsboro,Middlesex,Commercial,,,,,,,,,,,,,,
7999054,5-100,off-market,2900000.0,157.0,35.09,40.8516606,-74.8023119,50 Drakestown Rd,Hackettstown,Morris,Commercial,"Hospitality, MultiFamily",One Family,Coldwell Banker Residential Brokerage,Jessica Craig,9083103356,,,,,,,,27-08300-0000-00016,27-08300-0000-00016
21918954,5-100,active,1250000.0,109.0,34.29,40.4241383,-74.7112317,48 Fairview Rd,Skillman,Somerset,Residential,"Agribusiness, MultiFamily, Single Family Development, Single Family Residence",Agricultural,Coldwell Banker Commercial Realty,Ken Worden,9082956664,,,,,,,,,
15965861,5-100,active,,101.0,7.31,39.6641135,-75.0543847,399 Fries Mill rd,Williamstown,Gloucester,Commercial,"Health Care, Medical, Restaurant, Retail",NC,CBRE,Jay Miller,6108348000,,,0801_2104_2,near,86,,,18-00086-15-00010,18-00086-15-00010
21382970,5-100,active,,318.0,9.8,40.633346,-74.9645373,37 Frontage Rd,Clinton,Hunterdon,Industrial,Industrial,commercial,"Cushman & Wakefield of New Jersey, LLC.",Warren Searles,9739086106,,,,,,,,,
19831974,5-100,active,3700000.0,780.0,32.0,40.316193,-74.58889,14 Grovers Mill rd,Plainsboro,Middlesex,Commercial,,,,,,,,,,,,,,
22092900,5-100,active,395000.0,57.0,20.25,39.712131,-75.443334,483 Harding Hwy,Penns Grove,Salem,Residential,"Single Family Development, Single Family Residence",LR,"Warner Real Estate & Auction Co, Inc.",Richard Warner,8567694111,,,,,,,,,
19763728,5-100,active,725000.0,816.0,16.5,39.5668699,-75.036356,2550 Harding Hwy,Newfield,Gloucester,Agricultural,Commercial,HC,Exit Realty Definded,SHANNON MORGAN-LEONEN,8563262957,,,,,,,,,
19627794,5-100,active,4200000.0,1950.0,5.14,40.888013,-74.7127623,51-53 International Dr S,Flanders,Morris,Commercial,Restaurant,CC,,,,,,,,,,,,
107979,5-100,active,249000.0,7701.0,5.9,40.2779685,-74.6733602,Lawrence Station Rd,Lawrenceville,Mercer,Commercial,Industrial,I-2,Segal-LaBate Commercial Real Estate,Anne LaBate,6093947557,,,1107_4103_1,pin,62,Scherer George E,,07-04103-0000-00001,07-04103-0000-00001
22184218,5-100,active,1500000.0,36.0,80.0,39.6643188,-74.2823179,627 Main st,West Creek,Ocean,Residential,"Apartment Units - Condo, Mixed Use, MultiFamily, Self-Storage, Single Family Development, Single Family Residence",RA-5,Jade Capital,Abraham Sharaby,7325231553,,,1509_29_41,pin,66,Everflow Supplies,9084361100,09-00029-0000-00041,09-00029-0000-00041
19814573,5-100,off-market,6000000.0,787.0,21.4,40.2618258,-74.4440346,832 NJ-33,Monroe Township,Middlesex,Commercial,Retail Warehouse,,Mid-State Realty,John Profaci,7322518900,,,,,,,,,
22049582,5-100,active,1349000.0,67.0,37.35,39.1337872,-74.8541994,290 NJ-47,Cape May Court House,Cape May,Commercial,"Single Family Development, Single Family Residence",Residential/Business,Compass RE,William Albrecht,6099679600,,,,,,,,,
21616606,5-100,active,375000.0,226.0,8.76,39.4984156,-74.9801483,E Oak Rd,Vineland,Cumberland,Commercial,,,Coldwell Banker Realty,Heather Viruet,8563054282,,,,,,,,14-02503-0000-00003,14-02503-0000-00003
21948640,5-100,active,20000000.0,99.0,10.0,40.99595,-73.916519,6 Old Farm way,Alpine,Bergen,Residential,Single Family Development,R,Prominent Properties Sotheby's Realty,Rosemarie Campi,2017419939,,,,,,,,,
19831982,5-100,active,3700000.0,780.0,26.5,40.3221321,-74.5936527,Orchard Lane,Plainsboro,Middlesex,Commercial,,,,,,,,,,,,,,
21533440,5-100,active,1250000.0,262.0,39.21,39.924097,-74.615634,5 Pea Patch Rd,Pemberton,Burlington,Agricultural,,,Better Homes and Garden,Catherine Hartman,8566304750,,,,,,,,29-00841-0000-00039-01-QFARM,29-00841-0000-00039-01-QFARM
21014568,5-100,active,2850000.0,458.0,5.18,39.6806086,-75.4813632,632 S Pennsville Auburn Rd,Penns Grove,Salem,Commercial,,GC,CBRE,Scott Gabrielsen,6107275913,,,,,,"Parekh, Nicken",2016597710,02-00220-0000-00001,02-00220-0000-00001
21280587,5-100,active,1500000.0,347.0,16.03,39.8132705,-74.735684,1240 Route 206,Shamong,Burlington,Commercial,,,Keller Williams Realty,James Moffa,6096545656,,,,,,,,,
21554020,5-100,active,2990000.0,253.0,10.0,39.8989188,-74.8602303,105 Route 70,Medford,Burlington,Commercial,"Car Wash, Commercial, Restaurant, Retail",HC-1,Forge Commercial Real Estate,Jeff Arnold,6097076001,,,,,,OBRIEN HOLDINGS LLC,,20-00402-0000-00002-01-QFARM,20-00402-0000-00002-01-QFARM
12810891,5-100,active,1800000.0,260.0,95.162753,39.4525373,-75.2771676,0 Sewell & Barretts Run Rd,Bridgeton,Cumberland,Commercial,"Commercial, Single Family Development",R-2,Keller Williams Realty Cherry Hill,Anthony Calabrese,6095019289,,,,,,,,07-00023-0000-00001,07-00023-0000-00001
20961068,5-100,active,229000.0,500.0,6.7,40.8531823,-74.5285033,44 Shongum Rd,Denville,Morris,Residential,"Single Family Development, Single Family Residence",R-1,Wayne Hills Realty,Joe Mastropole,9739070227,,,1408_10501_8,pin,64,,,08-10501-0000-00008,08-10501-0000-00008
22048692,5-100,active,671500.0,67.0,16.81,39.7782337,-75.2751024,0 W Tomlin Station Rd,Mickleton,Gloucester,Commercial,,,Keller Williams Realty Washington Township,Daniel Mauz,8563024003,,,,,,POSTORIVO EUGENIO,8564681090,03-00104-0000-00004-0000-QFARM,03-00104-0000-00004-0000-QFARM
10189118,5-100,active,908500.0,67.0,23.13,39.7804556,-75.2762684,71 W Tomlin Station Rd,Mickleton,Gloucester,Commercial,Single Family Development,RR,Keller Williams Realty Washington Township,Daniel Mauz,8563024003,2019-04-17,200000.0,,,,POSTORIVO EUGENIO,8564681090,03-00104-0000-00006,03-00104-0000-00006
20987563,5-100,off-market,,479.0,11.0,40.4206145,-74.5325636,3803 U.S. 1 Hwy,Kendall Park,Middlesex,Commercial,Commercial,commercial,GoldStone Realty,Carrie McNally,7328983400,,,1221_93_13.20,geo,19,,,,
22169443,5-100,active,2900000.0,39.0,39.2,39.66092,-74.28946,569 U.S. 9,West Creek,Ocean,Commercial,,RA-5,Imperial Real Estate Agency*,Michael Brooke,7329055511,,,,,,GRACKLE ACRES LLC,,09-00029-0000-00020-0000-QFARM,09-00029-0000-00020-0000-QFARM
22034821,5-100,active,540000.0,73.0,49.54,40.0317452,-74.7280649,2766 US 206,Mount Holly,Burlington,Agricultural,Agricultural,AR3,Re/Max World Class Realty,Eric Sasaki,6093861636,,,,,,YESHUS HIGHLANDER RANCH LLC,,34-01001-0000-00003-0000-QFARM,34-01001-0000-00003-0000-QFARM
6862672,5-100,active,,274.0,9.25,39.4614075,-75.0315356,S West Blvd,Vineland,Cumberland,Commercial,Commercial,I-3,"Stanker & Galetto, Inc.",Ethan Byler,8566928098,,,,,,"Stanker & Galetto, Inc.",8566928098,14-05701-0000-00034,14-05701-0000-00034
